,img,bank,card_name,point,category,each_spending
0,https://ringgitplus.com/img/card-400/5ab4a9dc2af8f39d1adf1434/aeon-platinum-visa.jpg,aeon,aeon_platinum_visa,4.0,for spending within aeon and aeon big stores,1
1,https://ringgitplus.com/img/card-400/5ab4a9dc2af8f39d1adf1434/aeon-platinum-visa.jpg,aeon,aeon_platinum_visa,3.0,"for petrol, overseas and dining transactions in the first year",1
2,https://ringgitplus.com/img/card-400/5ab4a9dc2af8f39d1adf1434/aeon-platinum-visa.jpg,aeon,aeon_platinum_visa,1.0,on other transactions,1
3,https://ringgitplus.com/img/card-400/5badee25bf72ec1126f9cb47/aeon-platinum-mastercard.jpg,aeon,aeon_platinum_mastercard,4.0,for spending within aeon and aeon big stores,1
4,https://ringgitplus.com/img/card-400/5badee25bf72ec1126f9cb47/aeon-platinum-mastercard.jpg,aeon,aeon_platinum_mastercard,3.0,"for petrol, overseas and dining transactions in the first year",1
5,https://ringgitplus.com/img/card-400/5badee25bf72ec1126f9cb47/aeon-platinum-mastercard.jpg,aeon,aeon_platinum_mastercard,1.0,for other transactions,1
6,https://ringgitplus.com/img/card-400/519489e2193821ed4a00000a/new-aeon-visa-gold.jpg,aeon,new_aeon_visa_gold,4.0,at aeon stores every 10th of the month,1
7,https://ringgitplus.com/img/card-400/519489e2193821ed4a00000a/new-aeon-visa-gold.jpg,aeon,new_aeon_visa_gold,2.0,at aeon stores everyday,1
8,https://ringgitplus.com/img/card-400/519489e2193821ed4a00000a/new-aeon-visa-gold.jpg,aeon,new_aeon_visa_gold,1.0,on other transactions,2
9,https://ringgitplus.com/img/card-400/519489e2193821ed4a000003/aeon-mastercard-gold.jpg,aeon,aeon_mastercard_gold,1.0,on retail spending,2
10,https://ringgitplus.com/img/card-400/519489e2193821ed4a000009/aeon-visa-gold.jpg,aeon,aeon_visa_gold,1.0,on retail spending,2
11,https://ringgitplus.com/img/card-400/519489e2193821ed4a000002/new-aeon-visa-classic.jpg,aeon,new_aeon_visa_classic,4.0,at aeon stores every 10th of the month,1
12,https://ringgitplus.com/img/card-400/519489e2193821ed4a000002/new-aeon-visa-classic.jpg,aeon,new_aeon_visa_classic,2.0,at aeon stores everyday,1
13,https://ringgitplus.com/img/card-400/519489e2193821ed4a000002/new-aeon-visa-classic.jpg,aeon,new_aeon_visa_classic,1.0,other and overseas transactions (except petrol and government department),2
14,https://ringgitplus.com/img/card-400/519489e2193821ed4a000004/new-aeon-mastercard-gold.jpg,aeon,new_aeon_mastercard_gold,4.0,at aeon stores every 10th of the month,1
15,https://ringgitplus.com/img/card-400/519489e2193821ed4a000004/new-aeon-mastercard-gold.jpg,aeon,new_aeon_mastercard_gold,2.0,at aeon stores,1
16,https://ringgitplus.com/img/card-400/519489e2193821ed4a000004/new-aeon-mastercard-gold.jpg,aeon,new_aeon_mastercard_gold,1.0,on other transactions,2
17,https://ringgitplus.com/img/card-400/519489e2193821ed4a000001/new-aeon-mastercard-classic.jpg,aeon,new_aeon_mastercard_classic,4.0,at aeon stores every 10th of the month,1
18,https://ringgitplus.com/img/card-400/519489e2193821ed4a000001/new-aeon-mastercard-classic.jpg,aeon,new_aeon_mastercard_classic,2.0,at aeon stores everyday,1
19,https://ringgitplus.com/img/card-400/519489e2193821ed4a000001/new-aeon-mastercard-classic.jpg,aeon,new_aeon_mastercard_classic,1.0,other and overseas transactions (except petrol and government department),2
20,https://ringgitplus.com/img/card-400/519489e2193821ed4a00000b/aeon-visa-classic.jpg,aeon,aeon_visa_classic,1.0,on retail spending,2
21,https://ringgitplus.com/img/card-400/519489e2193821ed4a000005/aeon-mastercard-classic.jpg,aeon,aeon_mastercard_classic,1.0,on retail spending,2
22,https://ringgitplus.com/img/card-400/53c8a6d3f2d42521322f2820/affinbank-world-mastercard.jpg,affin_bank,affinbank_world_mastercard,3.0,on all overseas retail expenses,1
23,https://ringgitplus.com/img/card-400/53c8a6d3f2d42521322f2820/affinbank-world-mastercard.jpg,affin_bank,affinbank_world_mastercard,1.0,on all local retail transactions,1
24,https://ringgitplus.com/img/card-400/519489e2193821ed4a000011/affinbank-visa-gold.jpg,affin_bank,affinbank_visa_gold,1.0,on all retail transactions,1
25,https://ringgitplus.com/img/card-400/519489e2193821ed4a00000e/affinbank-mastercard-classic.jpg,affin_bank,affinbank_mastercard_classic,1.0,on all retail transactions,1
26,https://ringgitplus.com/img/card-400/519489e2193821ed4a000014/affinbank-bhpetrol-touch-fuel-mastercard-contactless.jpg,affin_bank,affinbank_bhpetrol_'touch_&_fuel'_mastercard_contactless,1.0,on all retail transactions,1
27,https://ringgitplus.com/img/card-400/519489e2193821ed4a000010/affinbank-mastercard-gold.jpg,affin_bank,affinbank_mastercard_gold,1.0,on all retail transactions,1
28,https://ringgitplus.com/img/card-400/519489e2193821ed4a00000f/affinbank-visa-classic.jpg,affin_bank,affinbank_visa_classic,1.0,on all retail transactions,1
29,https://ringgitplus.com/img/card-400/5b76805fd1077cae0c81204f/affin-islamic-world-mastercard.jpg,affin_islamic_bank,affin_islamic_world_mastercard,3.0,on all overseas retail transaction,1
30,https://ringgitplus.com/img/card-400/5b76805fd1077cae0c81204f/affin-islamic-world-mastercard.jpg,affin_islamic_bank,affin_islamic_world_mastercard,1.0,on all local retail transaction,1
31,https://ringgitplus.com/img/card-400/5b767ef0d1077cae0c81204d/affin-islamic-platinum-mastercard.jpg,affin_islamic_bank,affin_islamic_platinum_mastercard,2.0,on all overseas retail spends,1
32,https://ringgitplus.com/img/card-400/5b767ef0d1077cae0c81204d/affin-islamic-platinum-mastercard.jpg,affin_islamic_bank,affin_islamic_platinum_mastercard,1.0,on all local retail transactions,1
33,https://ringgitplus.com/img/card-400/5b767bfcd1077cae0c812049/affin-islamic-mastercard-gold.jpg,affin_islamic_bank,affin_islamic_mastercard_gold,2.0,on overseas retail expenses,1
34,https://ringgitplus.com/img/card-400/5b767bfcd1077cae0c812049/affin-islamic-mastercard-gold.jpg,affin_islamic_bank,affin_islamic_mastercard_gold,1.0,on local retail expenses,1
35,https://ringgitplus.com/img/card-400/519489e2193821ed4a000024/alliance-bank-visa-platinum.jpg,alliance_bank,alliance_bank_visa_platinum,3.0,on all overseas retail spends,1
36,https://ringgitplus.com/img/card-400/519489e2193821ed4a000024/alliance-bank-visa-platinum.jpg,alliance_bank,alliance_bank_visa_platinum,1.0,on all local retail spends,1
37,https://ringgitplus.com/img/card-400/519489e2193821ed4a000029/alliance-bank-younique-great-rewards.jpg,alliance_bank,alliance_bank_you:nique_-_great_rewards,1.0,on all local and overseas spends,1
38,https://ringgitplus.com/img/card-400/519489e2193821ed4a000022/alliance-bank-visa-infinite.jpg,alliance_bank,alliance_bank_visa_infinite,5.0,on all overseas retail spends,1
39,https://ringgitplus.com/img/card-400/519489e2193821ed4a000022/alliance-bank-visa-infinite.jpg,alliance_bank,alliance_bank_visa_infinite,1.0,on all local retail spends,1
40,https://ringgitplus.com/img/card-400/519489e2193821ed4a000023/alliance-bank-mastercard-platinum.jpg,alliance_bank,alliance_bank_mastercard_platinum,3.0,on all overseas retail spends,1
41,https://ringgitplus.com/img/card-400/519489e2193821ed4a000023/alliance-bank-mastercard-platinum.jpg,alliance_bank,alliance_bank_mastercard_platinum,1.0,on all local retail spends,1
42,https://ringgitplus.com/img/card-400/519489e2193821ed4a000026/alliance-bank-visa-gold.jpg,alliance_bank,alliance_bank_visa_gold,2.0,on all overseas retail spends,1
43,https://ringgitplus.com/img/card-400/519489e2193821ed4a000026/alliance-bank-visa-gold.jpg,alliance_bank,alliance_bank_visa_gold,1.0,on all local retail spends,1
44,https://ringgitplus.com/img/card-400/519489e2193821ed4a000016/alliance-bank-mastercard-classic.jpg,alliance_bank,alliance_bank_mastercard_classic,1.0,on all local and overseas spending,1
45,https://ringgitplus.com/img/card-400/519489e2193821ed4a000025/alliance-bank-mastercard-gold.jpg,alliance_bank,alliance_bank_mastercard_gold,2.0,on all overseas retail spends,1
46,https://ringgitplus.com/img/card-400/519489e2193821ed4a000025/alliance-bank-mastercard-gold.jpg,alliance_bank,alliance_bank_mastercard_gold,1.0,on all local retail spends,1
47,https://ringgitplus.com/img/card-400/519489e2193821ed4a000017/alliance-bank-visa-classic.jpg,alliance_bank,alliance_bank_visa_classic,1.0,on all local and overseas spending,1
48,https://ringgitplus.com/img/card-400/590ad816c110f4691a8062cd/ambank-bonuslink-visa-gold.jpg,ambank,ambank_bonuslink_visa_gold,30.0,"on selected merchants in groceries, online, dining, entertainment, shell petrol and parkson categories",20
49,https://ringgitplus.com/img/card-400/590ad816c110f4691a8062cd/ambank-bonuslink-visa-gold.jpg,ambank,ambank_bonuslink_visa_gold,6.0,on overseas retail transactions,20
50,https://ringgitplus.com/img/card-400/590ad816c110f4691a8062cd/ambank-bonuslink-visa-gold.jpg,ambank,ambank_bonuslink_visa_gold,3.0,on other local retail transactions,20
51,https://ringgitplus.com/img/card-400/519489e2193821ed4a00003b/ambank-visa-platinum.jpg,ambank,ambank_visa_platinum,1.0,on all local retail expenses,1
52,https://ringgitplus.com/img/card-400/519489e2193821ed4a00003b/ambank-visa-platinum.jpg,ambank,ambank_visa_platinum,2.0,on all overseas retail expenses,1
53,https://ringgitplus.com/img/card-400/519489e2193821ed4a000037/ambank-visa-infinite.jpg,ambank,ambank_visa_infinite,5.0,on overseas retail purchases (except online transactions),1
54,https://ringgitplus.com/img/card-400/519489e2193821ed4a000037/ambank-visa-infinite.jpg,ambank,ambank_visa_infinite,1.0,on all local retail expenses,1
55,https://ringgitplus.com/img/card-400/590ae38dc110f4691a8062d3/ambank-bonuslink-visa-platinum.jpg,ambank,ambank_bonuslink_visa_platinum,30.0,"on selected merchants in groceries, online, dining, entertainment, shell petrol and parkson categories",20
56,https://ringgitplus.com/img/card-400/590ae38dc110f4691a8062d3/ambank-bonuslink-visa-platinum.jpg,ambank,ambank_bonuslink_visa_platinum,6.0,overseas retail transactions,20
57,https://ringgitplus.com/img/card-400/590ae38dc110f4691a8062d3/ambank-bonuslink-visa-platinum.jpg,ambank,ambank_bonuslink_visa_platinum,3.0,other local retail transactions,20
58,https://ringgitplus.com/img/card-400/519489e2193821ed4a00003f/ambank-islamic-al-taslif-visa-platinum-card-i.jpg,ambank,ambank_islamic_al-taslif_visa_platinum_card-i,2.0,on all overseas retail expenses (except for online transactions),1
59,https://ringgitplus.com/img/card-400/519489e2193821ed4a00003f/ambank-islamic-al-taslif-visa-platinum-card-i.jpg,ambank,ambank_islamic_al-taslif_visa_platinum_card-i,1.0,on all local retail expenses,1
60,https://ringgitplus.com/img/card-400/519489e2193821ed4a000038/ambank-visa-signature.jpg,ambank,ambank_visa_signature,3.0,on all overseas retail expenses (except for online transactions),1
61,https://ringgitplus.com/img/card-400/519489e2193821ed4a000038/ambank-visa-signature.jpg,ambank,ambank_visa_signature,1.0,on all local retail expenses,1
62,https://ringgitplus.com/img/card-400/519489e2193821ed4a000039/ambank-world-mastercard.jpg,ambank,ambank_world_mastercard,5.0,on all overseas retail expenses (except for online transactions),1
63,https://ringgitplus.com/img/card-400/519489e2193821ed4a000039/ambank-world-mastercard.jpg,ambank,ambank_world_mastercard,1.0,on all local retail expenses,1
64,https://ringgitplus.com/img/card-400/590af1db32d5e6fa36da31e8/ambank-bonuslink-visa-signature.jpg,ambank,ambank_bonuslink_visa_signature,30.0,"on selected merchants in groceries, online, dining, entertainment, shell petrol and parkson categories",20
65,https://ringgitplus.com/img/card-400/590af1db32d5e6fa36da31e8/ambank-bonuslink-visa-signature.jpg,ambank,ambank_bonuslink_visa_signature,6.0,overseas retail transactions,20
66,https://ringgitplus.com/img/card-400/590af1db32d5e6fa36da31e8/ambank-bonuslink-visa-signature.jpg,ambank,ambank_bonuslink_visa_signature,3.0,other local retail transactions,20
67,https://ringgitplus.com/img/card-400/5dc53ebcc22711c828d18a6c/ambank-unionpay-platinum-credit-card.jpg,ambank,ambank_unionpay_platinum_credit_card,5.0,on all overseas retail expenses (except for online transactions),1
68,https://ringgitplus.com/img/card-400/5dc53ebcc22711c828d18a6c/ambank-unionpay-platinum-credit-card.jpg,ambank,ambank_unionpay_platinum_credit_card,1.0,on all local retail expenses,1
69,https://ringgitplus.com/img/card-400/56051c5234a4e55376a16124/bank-islam-infinite-visa-credit-card-i.jpg,bank_islam,bank_islam_infinite_visa_credit_card-i,1.0,on all local and overseas retail expenses,1
70,https://ringgitplus.com/img/card-400/5295b80e28ea575849002407/bank-islam-platinum-visa-credit-card-i.jpg,bank_islam,bank_islam_platinum_visa_credit_card-i,1.0,on all local and overseas retail expenses,1
71,https://ringgitplus.com/img/card-400/519489e2193821ed4a000050/bank-islam-gold-visa-card-i.jpg,bank_islam,bank_islam_gold_visa_card-i,1.0,on all local and overseas retail expenses,1
72,https://ringgitplus.com/img/card-400/519489e2193821ed4a000051/bank-islam-alumni-uitm-platinum-mastercard-card-i.jpg,bank_islam,bank_islam-alumni_uitm_platinum_mastercard_card-i,1.0,on all local and overseas retail expenses,1
73,https://ringgitplus.com/img/card-400/519489e2193821ed4a000053/bank-islam-platinum-mastercard-card-i.jpg,bank_islam,bank_islam_platinum_mastercard_card-i,1.0,on all local and overseas retail expenses,1
74,https://ringgitplus.com/img/card-400/519489e2193821ed4a00004f/bank-islam-gold-mastercard-card-i.jpg,bank_islam,bank_islam_gold_mastercard_card-i,1.0,on all local and overseas retail expenses,1
75,https://ringgitplus.com/img/card-400/563980363c97b2d92da60d90/bank-rakyat-platinum-credit-card-i.jpg,bank_rakyat,bank_rakyat_platinum_credit_card-i,1.0,on all local and overseas retail expenses,10
76,https://ringgitplus.com/img/card-400/5d9ff9a04945eeac7b690da5/bank-rakyat-platinum-explorer-credit-card-i.jpg,bank_rakyat,bank_rakyat_platinum_explorer_credit_card-i,1.0,all retail,10
77,https://ringgitplus.com/img/card-400/519489e2193821ed4a000054/bank-rakyat-classic-credit-card-i.jpg,bank_rakyat,bank_rakyat_classic_credit_card-i,1.0,on all local and overseas retail expenses,10
78,https://ringgitplus.com/img/card-400/519489e2193821ed4a000056/bank-rakyat-gold-credit-card-i.jpg,bank_rakyat,bank_rakyat_gold_credit_card-i,1.0,on all local and overseas retail expenses,10
79,https://ringgitplus.com/img/card-400/5eec7e8eab6acc96484ae826/cimb-e-credit-card.jpg,cimb,cimb_e_credit_card,12.0,on online/contactless transactions for strategic partner special day,1
80,https://ringgitplus.com/img/card-400/5eec7e8eab6acc96484ae826/cimb-e-credit-card.jpg,cimb,cimb_e_credit_card,10.0,on online/contactless transactions on special day,1
81,https://ringgitplus.com/img/card-400/5eec7e8eab6acc96484ae826/cimb-e-credit-card.jpg,cimb,cimb_e_credit_card,5.0,on online transactions on normal day,1
82,https://ringgitplus.com/img/card-400/5eec7e8eab6acc96484ae826/cimb-e-credit-card.jpg,cimb,cimb_e_credit_card,1.0,on in-store pin purchases (everyday),1
83,https://ringgitplus.com/img/card-400/519489e2193821ed4a000074/cimb-visa-infinite.jpg,cimb,cimb_visa_infinite,5.0,on overseas retail spends,1
84,https://ringgitplus.com/img/card-400/519489e2193821ed4a000074/cimb-visa-infinite.jpg,cimb,cimb_visa_infinite,1.0,on local spends,1
85,https://ringgitplus.com/img/card-400/519489e2193821ed4a000086/citi-premiermiles-mastercard.jpg,citibank,citi_premiermiles_mastercard,2.0,on selected online travel merchants,3
86,https://ringgitplus.com/img/card-400/519489e2193821ed4a000086/citi-premiermiles-mastercard.jpg,citibank,citi_premiermiles_mastercard,1.0,on all local expenses,3
87,https://ringgitplus.com/img/card-400/57eddd12655a14fd555f44f2/citi-rewards-mastercard.jpg,citibank,citi_rewards_mastercard,5.0,on all overseas retail (excluding eea transaction),1
88,https://ringgitplus.com/img/card-400/57eddd12655a14fd555f44f2/citi-rewards-mastercard.jpg,citibank,citi_rewards_mastercard,1.0,on other local retails,1
89,https://ringgitplus.com/img/card-400/5dc26df07074fb6543301594/lazada-citi-platinum.jpg,citibank,lazada_citi_platinum,10.0,lazada spends per statement month,1
90,https://ringgitplus.com/img/card-400/5dc26df07074fb6543301594/lazada-citi-platinum.jpg,citibank,lazada_citi_platinum,5.0,"selected lifestyle, travel, health & wellness spend per statement month",1
91,https://ringgitplus.com/img/card-400/5dc26df07074fb6543301594/lazada-citi-platinum.jpg,citibank,lazada_citi_platinum,1.0,other spends,1
92,https://ringgitplus.com/img/card-400/5dc26df07074fb6543301594/lazada-citi-platinum.jpg,citibank,lazada_citi_platinum,1000.0,monthly bonus points,1500
93,https://ringgitplus.com/img/card-400/519489e2193821ed4a000085/citi-clear-mastercard.jpg,citibank,citi_clear_mastercard,3.0,"at borders, topshop, topman, gap, la senza, zouk club kl, vincci, g2000 and sakae sushi!",1
94,https://ringgitplus.com/img/card-400/519489e2193821ed4a000085/citi-clear-mastercard.jpg,citibank,citi_clear_mastercard,1.0,on other retail expenses,1
95,https://ringgitplus.com/img/card-400/519489e2193821ed4a000093/citi-prestige-mastercard.jpg,citibank,citi_prestige_mastercard,2.0,equivalent when you spend in foreign currencies*,1
96,https://ringgitplus.com/img/card-400/519489e2193821ed4a000093/citi-prestige-mastercard.jpg,citibank,citi_prestige_mastercard,1.0,on eligible purchases locally,1
97,https://ringgitplus.com/img/card-400/519489e2193821ed4a0000e3/hsbc-platinum-credit-card.jpg,hsbc,hsbc_platinum_credit_card,8.0,on contactless spend,1
98,https://ringgitplus.com/img/card-400/519489e2193821ed4a0000e3/hsbc-platinum-credit-card.jpg,hsbc,hsbc_platinum_credit_card,5.0,"on online, overseas and groceries expenses",1
99,https://ringgitplus.com/img/card-400/519489e2193821ed4a0000dd/hsbc-visa-signature.jpg,hsbc,hsbc_visa_signature,8.0,on online spend in foreign currency,1
100,https://ringgitplus.com/img/card-400/519489e2193821ed4a0000dd/hsbc-visa-signature.jpg,hsbc,hsbc_visa_signature,5.0,on online retail spends in ringgit malaysia,1
101,https://ringgitplus.com/img/card-400/519489e2193821ed4a0000b8/gsc-hong-leong-platinum-visa.jpg,hong_leong_bank,gsc_-_hong_leong_platinum_visa,3.0,online spend,1
102,https://ringgitplus.com/img/card-400/519489e2193821ed4a0000b8/gsc-hong-leong-platinum-visa.jpg,hong_leong_bank,gsc_-_hong_leong_platinum_visa,1.0,other retail spends,1
103,https://ringgitplus.com/img/card-400/519489e2193821ed4a0000b7/gsc-hong-leong-gold-visa.jpg,hong_leong_bank,gsc_-_hong_leong_gold_visa,3.0,online spend,1
104,https://ringgitplus.com/img/card-400/519489e2193821ed4a0000b7/gsc-hong-leong-gold-visa.jpg,hong_leong_bank,gsc_-_hong_leong_gold_visa,1.0,other retail spends,1
105,https://ringgitplus.com/img/card-400/52de431e78d623a405002db3/hong-leong-visa-infinite.jpg,hong_leong_bank,hong_leong_visa_infinite,5.0,local retail,14
106,https://ringgitplus.com/img/card-400/52de431e78d623a405002db3/hong-leong-visa-infinite.jpg,hong_leong_bank,hong_leong_visa_infinite,5.0,overseas retail,9
107,https://ringgitplus.com/img/card-400/5c25a8533789a7aa1e09058a/hong-leong-airasia-platinum-visa.jpg,hong_leong_bank,hong_leong_airasia_platinum_visa,1.0,for airasia transactions,1
108,https://ringgitplus.com/img/card-400/5c25a8533789a7aa1e09058a/hong-leong-airasia-platinum-visa.jpg,hong_leong_bank,hong_leong_airasia_platinum_visa,1.0,for overseas transactions,2
109,https://ringgitplus.com/img/card-400/5c25a8533789a7aa1e09058a/hong-leong-airasia-platinum-visa.jpg,hong_leong_bank,hong_leong_airasia_platinum_visa,1.0,for local transactions,3
110,https://ringgitplus.com/img/card-400/5c25e03bf38a34286a6bb3b1/hong-leong-airasia-gold-visa.jpg,hong_leong_bank,hong_leong_airasia_gold_visa,1.0,for airasia transactions,1
111,https://ringgitplus.com/img/card-400/5c25e03bf38a34286a6bb3b1/hong-leong-airasia-gold-visa.jpg,hong_leong_bank,hong_leong_airasia_gold_visa,1.0,for overseas transactions,2
112,https://ringgitplus.com/img/card-400/5c25e03bf38a34286a6bb3b1/hong-leong-airasia-gold-visa.jpg,hong_leong_bank,hong_leong_airasia_gold_visa,1.0,for local transactions,5
113,https://ringgitplus.com/img/card-400/5d8c43e829b550c865d2b001/hong-leong-emirates-hlb-platinum-card.jpg,hong_leong_bank,hong_leong_emirates_hlb_platinum_card,1.5,for emirates transaction,4
114,https://ringgitplus.com/img/card-400/5d8c43e829b550c865d2b001/hong-leong-emirates-hlb-platinum-card.jpg,hong_leong_bank,hong_leong_emirates_hlb_platinum_card,1.25,for overseas transaction,4
115,https://ringgitplus.com/img/card-400/5d8c43e829b550c865d2b001/hong-leong-emirates-hlb-platinum-card.jpg,hong_leong_bank,hong_leong_emirates_hlb_platinum_card,0.5,for local transaction,4
116,https://ringgitplus.com/img/card-400/5d8c3db729b550c865d2afff/hong-leong-emirates-hlb-world-card.jpg,hong_leong_bank,hong_leong_emirates_hlb_world_card,2.0,for emirates transaction,4
117,https://ringgitplus.com/img/card-400/5d8c3db729b550c865d2afff/hong-leong-emirates-hlb-world-card.jpg,hong_leong_bank,hong_leong_emirates_hlb_world_card,1.5,for overseas transaction,4
118,https://ringgitplus.com/img/card-400/5d8c3db729b550c865d2afff/hong-leong-emirates-hlb-world-card.jpg,hong_leong_bank,hong_leong_emirates_hlb_world_card,1.0,for local transaction,4
119,https://ringgitplus.com/img/card-400/5d8c31bc29b550c865d2aff8/hong-leong-emirates-hlb-world-elite-card.jpg,hong_leong_bank,hong_leong_emirates_hlb_world_elite_card,2.5,for emirates transaction,4
120,https://ringgitplus.com/img/card-400/5d8c31bc29b550c865d2aff8/hong-leong-emirates-hlb-world-elite-card.jpg,hong_leong_bank,hong_leong_emirates_hlb_world_elite_card,1.75,for overseas transaction,4
121,https://ringgitplus.com/img/card-400/5d8c31bc29b550c865d2aff8/hong-leong-emirates-hlb-world-elite-card.jpg,hong_leong_bank,hong_leong_emirates_hlb_world_elite_card,1.0,for local transaction,4
122,https://ringgitplus.com/img/card-400/54bf212f6a3668363f2c4e56/maybank-visa-signature.jpg,maybank,maybank_visa_signature,5.0,on all overseas retail,1
123,https://ringgitplus.com/img/card-400/54bf212f6a3668363f2c4e56/maybank-visa-signature.jpg,maybank,maybank_visa_signature,1.0,on 0% ezypay,1
124,https://ringgitplus.com/img/card-400/5efb15f04e3602772bc1dbc2/maybank-shopee-visa-platinum.jpg,maybank,maybank_shopee_visa_platinum,5.0,on shopee spend on special days,1
125,https://ringgitplus.com/img/card-400/5efb15f04e3602772bc1dbc2/maybank-shopee-visa-platinum.jpg,maybank,maybank_shopee_visa_platinum,2.0,"on dining, paywave and entertainment spend on normal days",1
126,https://ringgitplus.com/img/card-400/5efb15f04e3602772bc1dbc2/maybank-shopee-visa-platinum.jpg,maybank,maybank_shopee_visa_platinum,4.0,"on dining, paywave and entertainment spend on special days",1
127,https://ringgitplus.com/img/card-400/5efb15f04e3602772bc1dbc2/maybank-shopee-visa-platinum.jpg,maybank,maybank_shopee_visa_platinum,1.0,"on utilities, education, ezypay and insurance",1
128,https://ringgitplus.com/img/card-400/519489e2193821ed4a0000f5/maybank-2-gold-cards.jpg,maybank,maybank_2_gold_cards,5.0,on all retail with maybank 2 american express card (weekdays),1
129,https://ringgitplus.com/img/card-400/519489e2193821ed4a0000f5/maybank-2-gold-cards.jpg,maybank,maybank_2_gold_cards,1.0,on all retail with maybank 2 mastercard or visa,1
130,https://ringgitplus.com/img/card-400/519489e2193821ed4a0000f6/petronas-maybank-visa-platinum.jpg,maybank,petronas_maybank_visa_platinum,8.0,on groceries every weekend,1
131,https://ringgitplus.com/img/card-400/519489e2193821ed4a0000f6/petronas-maybank-visa-platinum.jpg,maybank,petronas_maybank_visa_platinum,5.0,on weekdays at petronas,1
132,https://ringgitplus.com/img/card-400/519489e2193821ed4a0000f6/petronas-maybank-visa-platinum.jpg,maybank,petronas_maybank_visa_platinum,1.0,"on education, insurance, utilities and 0% ezypay",1
133,https://ringgitplus.com/img/card-400/519489e2193821ed4a0000e8/maybank-islamic-petronas-ikhwan-visa-platinum-card-i.jpg,maybank,maybank_islamic_petronas_ikhwan_visa_platinum_card-i,1.0,"on retail, education, insurance, utilities, petrol and 0% ezypay, except government bodies",1
134,https://ringgitplus.com/img/card-400/5c874371f50752ac33dae6bb/maybank-islamic-world-mastercard-ikhwan.jpg,maybank,maybank_islamic_world_mastercard_ikhwan,5.0,on all local retail transaction,2
135,https://ringgitplus.com/img/card-400/5c874371f50752ac33dae6bb/maybank-islamic-world-mastercard-ikhwan.jpg,maybank,maybank_islamic_world_mastercard_ikhwan,5.0,on all overseas retail transaction,1
136,https://ringgitplus.com/img/card-400/5c874371f50752ac33dae6bb/maybank-islamic-world-mastercard-ikhwan.jpg,maybank,maybank_islamic_world_mastercard_ikhwan,1.0,"on utilities, petrol, education, ezypay and insurance transactions",1
137,https://ringgitplus.com/img/card-400/519489e2193821ed4a0000f7/maybank-2-platinum-cards.jpg,maybank,maybank_2_platinum_cards,5.0,on all retail with maybank 2 american express card (weekdays),1
138,https://ringgitplus.com/img/card-400/519489e2193821ed4a0000f7/maybank-2-platinum-cards.jpg,maybank,maybank_2_platinum_cards,1.0,on local or overseas spend with maybank 2 mastercard or visa,1
139,https://ringgitplus.com/img/card-400/51ab5e7dba98fe5611000020/maybank-manchester-united-visa-infinite.jpg,maybank,maybank_manchester_united_visa_infinite,10.0,at united direct online megastore and outlet,1
140,https://ringgitplus.com/img/card-400/51ab5e7dba98fe5611000020/maybank-manchester-united-visa-infinite.jpg,maybank,maybank_manchester_united_visa_infinite,5.0,on groceries,1
141,https://ringgitplus.com/img/card-400/51ab5e7dba98fe5611000020/maybank-manchester-united-visa-infinite.jpg,maybank,maybank_manchester_united_visa_infinite,2.0,on all local retail,1
142,https://ringgitplus.com/img/card-400/51ab5e7dba98fe5611000020/maybank-manchester-united-visa-infinite.jpg,maybank,maybank_manchester_united_visa_infinite,1.0,"on utilities, petrol, education, ezypay and insurance transactions",1
143,https://ringgitplus.com/img/card-400/519489e2193821ed4a0000fb/singapore-airlines-krisflyer-american-express-gold.jpg,maybank,singapore_airlines_krisflyer_american_express_gold,2.0,on online ticket purchases at singapore airlines,2
144,https://ringgitplus.com/img/card-400/519489e2193821ed4a0000fb/singapore-airlines-krisflyer-american-express-gold.jpg,maybank,singapore_airlines_krisflyer_american_express_gold,1.0,on all retail (except for government bodies and utilities),2
145,https://ringgitplus.com/img/card-400/519489e2193821ed4a0000e4/maybank-manchester-united-visa-card.jpg,maybank,maybank_manchester_united_visa_card,10.0,at united direct online megastore and outlet,1
146,https://ringgitplus.com/img/card-400/519489e2193821ed4a0000e4/maybank-manchester-united-visa-card.jpg,maybank,maybank_manchester_united_visa_card,5.0,on groceries,1
147,https://ringgitplus.com/img/card-400/519489e2193821ed4a0000e4/maybank-manchester-united-visa-card.jpg,maybank,maybank_manchester_united_visa_card,1.0,"on education, utilities, insurance and 0% ezypay",1
148,https://ringgitplus.com/img/card-400/519489e2193821ed4a0000eb/maybank-visa-infinite.jpg,maybank,maybank_visa_infinite,5.0,on all overseas retail,1
149,https://ringgitplus.com/img/card-400/519489e2193821ed4a0000eb/maybank-visa-infinite.jpg,maybank,maybank_visa_infinite,2.0,on all local retail,1
150,https://ringgitplus.com/img/card-400/519489e2193821ed4a0000eb/maybank-visa-infinite.jpg,maybank,maybank_visa_infinite,1.0,"on petrol, utilities, education, insurance and ezypay instalment",1
151,https://ringgitplus.com/img/card-400/53327be0dc39712b6c00000c/maybank-2-cards-premier.jpg,maybank,maybank_2_cards_premier,5.0,on all local and overseas spending with maybank 2 cards reserve american express card,1
152,https://ringgitplus.com/img/card-400/53327be0dc39712b6c00000c/maybank-2-cards-premier.jpg,maybank,maybank_2_cards_premier,1.0,"on utilities, education, insurance and ezypay instalment with maybank 2 cards reserve american express card",1
153,https://ringgitplus.com/img/card-400/519489e2193821ed4a000100/maybank-american-express-platinum.jpg,maybank,maybank_american_express_platinum,5.0,"on groceries, selected cinemas, participating bookstores and telecommunication charges",1
154,https://ringgitplus.com/img/card-400/519489e2193821ed4a000100/maybank-american-express-platinum.jpg,maybank,maybank_american_express_platinum,2.0,on all local and overseas retail spends,1
155,https://ringgitplus.com/img/card-400/519489e2193821ed4a000100/maybank-american-express-platinum.jpg,maybank,maybank_american_express_platinum,1.0,"on petrol, utilities, education, insurance and ezypay instalment",1
156,https://ringgitplus.com/img/card-400/519489e2193821ed4a0000e6/petronas-maybank-visa-gold.jpg,maybank,petronas_maybank_visa_gold,8.0,on groceries every weekend,1
157,https://ringgitplus.com/img/card-400/519489e2193821ed4a0000e6/petronas-maybank-visa-gold.jpg,maybank,petronas_maybank_visa_gold,5.0,on weekdays at petronas,1
158,https://ringgitplus.com/img/card-400/519489e2193821ed4a0000e6/petronas-maybank-visa-gold.jpg,maybank,petronas_maybank_visa_gold,1.0,"on education, insurance, utilites, 0% ezypay",1
159,https://ringgitplus.com/img/card-400/519489e2193821ed4a0000ec/maybank-world-mastercard.jpg,maybank,maybank_world_mastercard,5.0,on all overseas retail expenses,1
160,https://ringgitplus.com/img/card-400/519489e2193821ed4a0000ec/maybank-world-mastercard.jpg,maybank,maybank_world_mastercard,5.0,on all local retail expenses,2
161,https://ringgitplus.com/img/card-400/519489e2193821ed4a0000e7/maybank-islamic-petronas-ikhwan-visa-gold-card-i.jpg,maybank,maybank_islamic_petronas_ikhwan_visa_gold_card-i,1.0,"on education, utilities, insurance and 0% ezypay",1
162,https://ringgitplus.com/img/card-400/519489e2193821ed4a0000ea/maybank-islamic-ikhwan-visa-infinite-card-i.jpg,maybank,maybank_islamic_ikhwan_visa_infinite_card-i,5.0,on all overseas retail,1
163,https://ringgitplus.com/img/card-400/519489e2193821ed4a0000ea/maybank-islamic-ikhwan-visa-infinite-card-i.jpg,maybank,maybank_islamic_ikhwan_visa_infinite_card-i,2.0,on all local retail,1
164,https://ringgitplus.com/img/card-400/519489e2193821ed4a0000ea/maybank-islamic-ikhwan-visa-infinite-card-i.jpg,maybank,maybank_islamic_ikhwan_visa_infinite_card-i,1.0,"on petrol, utilities, education, insurance and ezypay instalment",1
165,https://ringgitplus.com/img/card-400/54feb7d0fd1ef36571cfff76/maybank-islamic-mastercard-ikhwan-gold-card-i.jpg,maybank,maybank_islamic_mastercard_ikhwan_gold_card-i,1.0,on 0% ezypay,1
166,https://ringgitplus.com/img/card-400/54feb188bc1ea1de43cbd9eb/maybank-islamic-mastercard-ikhwan-platinum-card-i.jpg,maybank,maybank_islamic_mastercard_ikhwan_platinum_card-i,1.0,on 0% eazypay,1
167,https://ringgitplus.com/img/card-400/519489e2193821ed4a0000ff/maybank-islamic-ikhwan-american-express-platinum-card-i.jpg,maybank,maybank_islamic_ikhwan_american_express_platinum_card-i,2.0,on all retail,1
168,https://ringgitplus.com/img/card-400/519489e2193821ed4a0000ff/maybank-islamic-ikhwan-american-express-platinum-card-i.jpg,maybank,maybank_islamic_ikhwan_american_express_platinum_card-i,1.0,"on petrol, utilities, education, insurance and ezypay instalment",1
169,https://ringgitplus.com/img/card-400/58e1b9f94069a6115d57cc53/public-bank-quantum-visa.jpg,public_bank,public_bank_quantum_visa,1.0,local retail transactions,1
170,https://ringgitplus.com/img/card-400/58e1b9f94069a6115d57cc53/public-bank-quantum-visa.jpg,public_bank,public_bank_quantum_visa,2.0,overseas retail transactions,1
171,https://ringgitplus.com/img/card-400/56d5232da05af65b5dced483/public-bank-world-mastercard-credit-card.jpg,public_bank,public_bank_world_mastercard_credit_card,3.0,on overseas retail,1
172,https://ringgitplus.com/img/card-400/56d5232da05af65b5dced483/public-bank-world-mastercard-credit-card.jpg,public_bank,public_bank_world_mastercard_credit_card,1.0,on local retail,1
173,https://ringgitplus.com/img/card-400/537eea2c06a589d1189a6e0c/public-bank-visa-signature.jpg,public_bank,public_bank_visa_signature,1.0,"on all retail spends (excluding dining, groceries, online purchases, casino, cash advance, balance transfer, utar, tarc, government and charity transactions, and payments via pbe online banking & atm)",1
174,https://ringgitplus.com/img/card-400/519489e2193821ed4a00011b/public-bank-platinum-mastercard.jpg,public_bank,public_bank_platinum_mastercard,1.0,on all retail spends,1
175,https://ringgitplus.com/img/card-400/58e1c10e6b5269dd048aeaeb/public-bank-quantum-mastercard.jpg,public_bank,public_bank_quantum_mastercard,1.0,local retail transactions,1
176,https://ringgitplus.com/img/card-400/58e1c10e6b5269dd048aeaeb/public-bank-quantum-mastercard.jpg,public_bank,public_bank_quantum_mastercard,2.0,overseas retail transactions,1
177,https://ringgitplus.com/img/card-400/5d9f04504945eeac7b690d89/rhb-rewards-motion-code-credit-card.jpg,rhb,rhb_rewards_motion_code_credit_card,10.0,movie tickets,1
178,https://ringgitplus.com/img/card-400/5d9f04504945eeac7b690d89/rhb-rewards-motion-code-credit-card.jpg,rhb,rhb_rewards_motion_code_credit_card,4.0,overseas spend,1
179,https://ringgitplus.com/img/card-400/5d9f04504945eeac7b690d89/rhb-rewards-motion-code-credit-card.jpg,rhb,rhb_rewards_motion_code_credit_card,3.0,online & e-wallet transaction,1
180,https://ringgitplus.com/img/card-400/5d9f04504945eeac7b690d89/rhb-rewards-motion-code-credit-card.jpg,rhb,rhb_rewards_motion_code_credit_card,2.0,retail shopping,1
181,https://ringgitplus.com/img/card-400/5d9f04504945eeac7b690d89/rhb-rewards-motion-code-credit-card.jpg,rhb,rhb_rewards_motion_code_credit_card,1.0,other retail spends,1
182,https://ringgitplus.com/img/card-400/5bd7e773fea5d39b106cd0a7/rhb-rewards-visa-credit-card.jpg,rhb,rhb_rewards_visa_credit_card,10.0,movie tickets,1
183,https://ringgitplus.com/img/card-400/5bd7e773fea5d39b106cd0a7/rhb-rewards-visa-credit-card.jpg,rhb,rhb_rewards_visa_credit_card,4.0,overseas spend,1
184,https://ringgitplus.com/img/card-400/5bd7e773fea5d39b106cd0a7/rhb-rewards-visa-credit-card.jpg,rhb,rhb_rewards_visa_credit_card,3.0,online & e-wallet transaction,1
185,https://ringgitplus.com/img/card-400/5bd7e773fea5d39b106cd0a7/rhb-rewards-visa-credit-card.jpg,rhb,rhb_rewards_visa_credit_card,2.0,retail shopping,1
186,https://ringgitplus.com/img/card-400/5bd7e773fea5d39b106cd0a7/rhb-rewards-visa-credit-card.jpg,rhb,rhb_rewards_visa_credit_card,1.0,other retail spends,1
187,https://ringgitplus.com/img/card-400/5bd82a4bfea5d39b106cd0b1/rhb-rewards-mastercard-credit-card.jpg,rhb,rhb_rewards_mastercard_credit_card,10.0,movie tickets,1
188,https://ringgitplus.com/img/card-400/5bd82a4bfea5d39b106cd0b1/rhb-rewards-mastercard-credit-card.jpg,rhb,rhb_rewards_mastercard_credit_card,4.0,overseas spend,1
189,https://ringgitplus.com/img/card-400/5bd82a4bfea5d39b106cd0b1/rhb-rewards-mastercard-credit-card.jpg,rhb,rhb_rewards_mastercard_credit_card,3.0,online & e-wallet transaction,1
190,https://ringgitplus.com/img/card-400/5bd82a4bfea5d39b106cd0b1/rhb-rewards-mastercard-credit-card.jpg,rhb,rhb_rewards_mastercard_credit_card,2.0,retail shopping,1
191,https://ringgitplus.com/img/card-400/5bd82a4bfea5d39b106cd0b1/rhb-rewards-mastercard-credit-card.jpg,rhb,rhb_rewards_mastercard_credit_card,1.0,other retail spends,1
192,https://ringgitplus.com/img/card-400/53a16876bf33a92c17deb1f3/myeg-rhb-credit-card.jpg,rhb,myeg-rhb_credit_card,5.0,on myeg services,1
193,https://ringgitplus.com/img/card-400/53a16876bf33a92c17deb1f3/myeg-rhb-credit-card.jpg,rhb,myeg-rhb_credit_card,1.0,on online and retail transactions,1
194,https://ringgitplus.com/img/card-400/519489e2193821ed4a00012c/rhb-visa-infinite.jpg,rhb,rhb_visa_infinite,5.0,on all overseas retail spends,1
195,https://ringgitplus.com/img/card-400/519489e2193821ed4a00012c/rhb-visa-infinite.jpg,rhb,rhb_visa_infinite,1.0,on all local retail spends,1
196,https://ringgitplus.com/img/card-400/5bd8358efea5d39b106cd0b5/rhb-islamic-rewards-credit-card-i.jpg,rhb,rhb_islamic_rewards_credit_card-i,10.0,movie tickets,1
197,https://ringgitplus.com/img/card-400/5bd8358efea5d39b106cd0b5/rhb-islamic-rewards-credit-card-i.jpg,rhb,rhb_islamic_rewards_credit_card-i,4.0,overseas spend,1
198,https://ringgitplus.com/img/card-400/5bd8358efea5d39b106cd0b5/rhb-islamic-rewards-credit-card-i.jpg,rhb,rhb_islamic_rewards_credit_card-i,3.0,online & e-wallet transaction,1
199,https://ringgitplus.com/img/card-400/5bd8358efea5d39b106cd0b5/rhb-islamic-rewards-credit-card-i.jpg,rhb,rhb_islamic_rewards_credit_card-i,2.0,retail shopping,1
200,https://ringgitplus.com/img/card-400/5bd8358efea5d39b106cd0b5/rhb-islamic-rewards-credit-card-i.jpg,rhb,rhb_islamic_rewards_credit_card-i,1.0,other retail spends,1
201,https://ringgitplus.com/img/card-400/5d9f218b4945eeac7b690d9c/rhb-islamic-rewards-motion-code-credit-card-i.jpg,rhb,rhb_islamic_rewards_motion_code_credit_card-i,10.0,movie tickets,1
202,https://ringgitplus.com/img/card-400/5d9f218b4945eeac7b690d9c/rhb-islamic-rewards-motion-code-credit-card-i.jpg,rhb,rhb_islamic_rewards_motion_code_credit_card-i,4.0,overseas spend,1
203,https://ringgitplus.com/img/card-400/5d9f218b4945eeac7b690d9c/rhb-islamic-rewards-motion-code-credit-card-i.jpg,rhb,rhb_islamic_rewards_motion_code_credit_card-i,3.0,online & e-wallet transaction,1
204,https://ringgitplus.com/img/card-400/5d9f218b4945eeac7b690d9c/rhb-islamic-rewards-motion-code-credit-card-i.jpg,rhb,rhb_islamic_rewards_motion_code_credit_card-i,2.0,retail shopping,1
205,https://ringgitplus.com/img/card-400/5d9f218b4945eeac7b690d9c/rhb-islamic-rewards-motion-code-credit-card-i.jpg,rhb,rhb_islamic_rewards_motion_code_credit_card-i,1.0,other retail spends,1
206,https://ringgitplus.com/img/card-400/5e2a75455d3abe251beeba9b/rhb-tokyo-2020-limited-edition-visa-rewards-credit-card.jpg,rhb,rhb_tokyo_2020_limited_edition_visa_rewards_credit_card,10.0,movie tickets,1
207,https://ringgitplus.com/img/card-400/5e2a75455d3abe251beeba9b/rhb-tokyo-2020-limited-edition-visa-rewards-credit-card.jpg,rhb,rhb_tokyo_2020_limited_edition_visa_rewards_credit_card,4.0,overseas spend,1
208,https://ringgitplus.com/img/card-400/5e2a75455d3abe251beeba9b/rhb-tokyo-2020-limited-edition-visa-rewards-credit-card.jpg,rhb,rhb_tokyo_2020_limited_edition_visa_rewards_credit_card,3.0,online & e-wallet transaction,1
209,https://ringgitplus.com/img/card-400/5e2a75455d3abe251beeba9b/rhb-tokyo-2020-limited-edition-visa-rewards-credit-card.jpg,rhb,rhb_tokyo_2020_limited_edition_visa_rewards_credit_card,2.0,retail shopping,1
210,https://ringgitplus.com/img/card-400/5e2a75455d3abe251beeba9b/rhb-tokyo-2020-limited-edition-visa-rewards-credit-card.jpg,rhb,rhb_tokyo_2020_limited_edition_visa_rewards_credit_card,1.0,other retail spends,1
211,https://ringgitplus.com/img/card-400/519489e2193821ed4a000145/standard-chartered-visa-platinum.jpg,standard_chartered,standard_chartered_visa_platinum,5.0,overseas retail transactions,1
212,https://ringgitplus.com/img/card-400/519489e2193821ed4a000145/standard-chartered-visa-platinum.jpg,standard_chartered,standard_chartered_visa_platinum,1.0,"others (such as groceries, petrol, pharmacy)",1
213,https://ringgitplus.com/img/card-400/519489e2193821ed4a000147/standard-chartered-worldmiles-world-mastercard.jpg,standard_chartered,standard_chartered_worldmiles_world_mastercard,1.0,on local expenses,3
214,https://ringgitplus.com/img/card-400/519489e2193821ed4a000147/standard-chartered-worldmiles-world-mastercard.jpg,standard_chartered,standard_chartered_worldmiles_world_mastercard,4.5,on overseas expenses,3
215,https://ringgitplus.com/img/card-400/5afe8d28138a1002029084de/standard-chartered-platinum-mastercard-basic.jpg,standard_chartered,standard_chartered_platinum_mastercard_basic,1.0,all transactions,1
216,https://ringgitplus.com/img/card-400/55e038d376092cc9694d446f/uob-prvi-miles-card.jpg,uob,uob_prvi_miles_card,10.0,on online reservations with booking.com,1
217,https://ringgitplus.com/img/card-400/55e038d376092cc9694d446f/uob-prvi-miles-card.jpg,uob,uob_prvi_miles_card,5.0,"overseas, airlines, hotels, travel agencies",1
218,https://ringgitplus.com/img/card-400/55e038d376092cc9694d446f/uob-prvi-miles-card.jpg,uob,uob_prvi_miles_card,1.0,on local retail spends,1
219,https://ringgitplus.com/img/card-400/55532e4dd75c88f321f53b7b/uob-preferred-platinum-mastercard.jpg,uob,uob_preferred_platinum_mastercard,3.0,on recurring payments,1
220,https://ringgitplus.com/img/card-400/55532e4dd75c88f321f53b7b/uob-preferred-platinum-mastercard.jpg,uob,uob_preferred_platinum_mastercard,1.0,on any spends,1
221,https://ringgitplus.com/img/card-400/519489e2193821ed4a000153/uob-visa-infinite.jpg,uob,uob_visa_infinite,8.0,"on overseas purchases paid in singapore dollar, thai baht, and japanese yen",1
222,https://ringgitplus.com/img/card-400/519489e2193821ed4a000153/uob-visa-infinite.jpg,uob,uob_visa_infinite,5.0,on overseas purchases paid in other foreign currencies,1
223,https://ringgitplus.com/img/card-400/519489e2193821ed4a000153/uob-visa-infinite.jpg,uob,uob_visa_infinite,1.0,"all other local retail spends (excluding cash advance, ipp, petrol, payment to government bodies and charity organizations)",1
