,img_url,bank,category,item_name,item_code,item_filename,required_points,required_partial_points,last_until_date
0,https://rewards.affinbank.com.my/affinrewards/catalog/image/223,affin_bank,Activities & Hobbies,Garmin Fenix 5X,,,1455625.0,,
1,https://rewards.affinbank.com.my/affinrewards/catalog/image/222,affin_bank,Activities & Hobbies,Garmin Vivoactive Smartwatch,,,688125.0,,
2,https://rewards.affinbank.com.my/affinrewards/catalog/image/221,affin_bank,Activities & Hobbies,Coleman 1.9L Polylite Jug,,,35000.0,,
3,https://rewards.affinbank.com.my/affinrewards/catalog/image/220,affin_bank,Activities & Hobbies,Lifestraw Go Bottle,,,93500.0,,
4,https://rewards.affinbank.com.my/affinrewards/catalog/image/219,affin_bank,Activities & Hobbies,Camelbak Podium Chill (610Ml),,,37125.0,,
5,https://rewards.affinbank.com.my/affinrewards/catalog/image/190,affin_bank,Activities & Hobbies,Garmin Forerunner 235 Black,,,695875.0,,
6,https://rewards.affinbank.com.my/affinrewards/catalog/image/5,affin_bank,Activities & Hobbies,knee support,,,40350.0,,
7,https://rewards.affinbank.com.my/affinrewards/catalog/image/2,affin_bank,Activities & Hobbies,Garmin vivofit 3,,,242900.0,,
8,https://rewards.affinbank.com.my/affinrewards/catalog/image/1,affin_bank,Activities & Hobbies,Garmin vivosmart 3,,,321950.0,,
9,https://rewards.affinbank.com.my/affinrewards/catalog/image/259,affin_bank,"Audio, Video & Gadget",Samsung Level Box Slim Speaker,,,229250.0,,
10,https://rewards.affinbank.com.my/affinrewards/catalog/image/257,affin_bank,"Audio, Video & Gadget",Aquajam Aj Mini,,,73125.0,,
11,https://rewards.affinbank.com.my/affinrewards/catalog/image/256,affin_bank,"Audio, Video & Gadget",Panasonic Hc Full Hd Camcorder,,,670375.0,,
12,https://rewards.affinbank.com.my/affinrewards/catalog/image/255,affin_bank,"Audio, Video & Gadget",Samsung Galaxy Gear Fit2 Pro,,,367500.0,,
13,https://rewards.affinbank.com.my/affinrewards/catalog/image/254,affin_bank,"Audio, Video & Gadget",Fujifilm Instax Wireless Print ...,,,405625.0,,
14,https://rewards.affinbank.com.my/affinrewards/catalog/image/253,affin_bank,"Audio, Video & Gadget",Fujifilm Instax Mini 9,,,161875.0,,
15,https://rewards.affinbank.com.my/affinrewards/catalog/image/252,affin_bank,"Audio, Video & Gadget",Selphy Wireless Photo Printer,,,281000.0,,
16,https://rewards.affinbank.com.my/affinrewards/catalog/image/251,affin_bank,"Audio, Video & Gadget",Sandisk Ultra Dual Drive,,,37875.0,,
17,https://rewards.affinbank.com.my/affinrewards/catalog/image/201,affin_bank,"Audio, Video & Gadget",Huawei Nova 2i,,,606125.0,,
18,https://rewards.affinbank.com.my/affinrewards/catalog/image/200,affin_bank,"Audio, Video & Gadget",Huawei Mate 10 PRO,,,1438250.0,,
19,https://rewards.affinbank.com.my/affinrewards/catalog/image/199,affin_bank,"Audio, Video & Gadget",Samsung Galaxy Tab A2,,,543000.0,,
20,https://rewards.affinbank.com.my/affinrewards/catalog/image/198,affin_bank,"Audio, Video & Gadget",Samsung Galaxy Note 8,,,1816500.0,,
21,https://rewards.affinbank.com.my/affinrewards/catalog/image/197,affin_bank,"Audio, Video & Gadget","Sharp 40"" Full HD LED TV",,,764125.0,,
22,https://rewards.affinbank.com.my/affinrewards/catalog/image/24,affin_bank,"Audio, Video & Gadget",Garmin Nuvi 57LM,,,245500.0,,
23,https://rewards.affinbank.com.my/affinrewards/catalog/image/23,affin_bank,"Audio, Video & Gadget",SONY radio clock,,,58250.0,,
24,https://rewards.affinbank.com.my/affinrewards/catalog/image/22,affin_bank,"Audio, Video & Gadget",Wireless Speaker,,,105400.0,,
25,https://rewards.affinbank.com.my/affinrewards/catalog/image/21,affin_bank,"Audio, Video & Gadget",OPPO F1S,,,543400.0,,
26,https://rewards.affinbank.com.my/affinrewards/catalog/image/20,affin_bank,"Audio, Video & Gadget",SONY Xperia XA,,,452350.0,,
27,https://rewards.affinbank.com.my/affinrewards/catalog/image/19,affin_bank,"Audio, Video & Gadget","Samsung Tab A6 10.1""",,,730200.0,,
28,https://rewards.affinbank.com.my/affinrewards/catalog/image/18,affin_bank,"Audio, Video & Gadget",Samsung A9 Pro,,,910850.0,,
29,https://rewards.affinbank.com.my/affinrewards/catalog/image/17,affin_bank,"Audio, Video & Gadget",Samsung J7 Prime,,,548350.0,,
30,https://rewards.affinbank.com.my/affinrewards/catalog/image/16,affin_bank,"Audio, Video & Gadget",Samsung J5 Prime,,,412750.0,,
31,https://rewards.affinbank.com.my/affinrewards/catalog/image/12,affin_bank,"Audio, Video & Gadget",Samsung Headset,,,50700.0,,
32,https://rewards.affinbank.com.my/affinrewards/catalog/image/11,affin_bank,"Audio, Video & Gadget",PINENG Powerbank,,,55650.0,,
33,https://rewards.affinbank.com.my/affinrewards/catalog/image/8,affin_bank,"Audio, Video & Gadget","Sony 40"" TV",,,871950.0,,
34,https://rewards.affinbank.com.my/affinrewards/catalog/image/7,affin_bank,"Audio, Video & Gadget",Samsung 40'' TV,,,876650.0,,
35,https://rewards.affinbank.com.my/affinrewards/catalog/image/6,affin_bank,"Audio, Video & Gadget","Sharp Aquos 50"" TV",,,1303300.0,,
36,https://rewards.affinbank.com.my/affinrewards/catalog/image/267,affin_bank,Beauty & Health,"Ogawa Tinkle Touch,",,,49375.0,,
37,https://rewards.affinbank.com.my/affinrewards/catalog/image/266,affin_bank,Beauty & Health,Nissei Bpm Wsk-1011,,,128375.0,,
38,https://rewards.affinbank.com.my/affinrewards/catalog/image/265,affin_bank,Beauty & Health,Oral-B Elec Toothbrush Pro500,,,111375.0,,
39,https://rewards.affinbank.com.my/affinrewards/catalog/image/262,affin_bank,Beauty & Health,Braun Multi Grooming Kits,,,118125.0,,
40,https://rewards.affinbank.com.my/affinrewards/catalog/image/261,affin_bank,Beauty & Health,Braun Hairdryer Hd380,,,102875.0,,
41,https://rewards.affinbank.com.my/affinrewards/catalog/image/208,affin_bank,Beauty & Health,Braun Epilation & Cleansing,,,175125.0,,
42,https://rewards.affinbank.com.my/affinrewards/catalog/image/207,affin_bank,Beauty & Health,Ogawa Foot Reflexology,,,222250.0,,
43,https://rewards.affinbank.com.my/affinrewards/catalog/image/51,affin_bank,Beauty & Health,Digital weight scale,,,68400.0,,
44,https://rewards.affinbank.com.my/affinrewards/catalog/image/49,affin_bank,Beauty & Health,Blood Pressure Meter,,,97650.0,,
45,https://rewards.affinbank.com.my/affinrewards/catalog/image/46,affin_bank,Beauty & Health,Oral B Electric 500,,,123350.0,,
46,https://rewards.affinbank.com.my/affinrewards/catalog/image/45,affin_bank,Beauty & Health,Braun Hair Dryer,,,76650.0,,
47,https://rewards.affinbank.com.my/affinrewards/catalog/image/297,affin_bank,Family,Nuk 300Ml Premium Choice Btlx2,,,37500.0,,
48,https://rewards.affinbank.com.my/affinrewards/catalog/image/296,affin_bank,Family,Nuk 150Ml Pc Pp Btl Twin Pack,,,36625.0,,
49,https://rewards.affinbank.com.my/affinrewards/catalog/image/295,affin_bank,Family,Nuk Flash Thermometer,,,92125.0,,
50,https://rewards.affinbank.com.my/affinrewards/catalog/image/294,affin_bank,Family,Nuk Newborn Bottle Set Bottles,,,73500.0,,
51,https://rewards.affinbank.com.my/affinrewards/catalog/image/293,affin_bank,Family,Nuk Jolie Breast Pump,,,115125.0,,
52,https://rewards.affinbank.com.my/affinrewards/catalog/image/292,affin_bank,Family,Nuk Ario Express Sterilizer,,,100375.0,,
53,https://rewards.affinbank.com.my/affinrewards/catalog/image/289,affin_bank,Family,Casio Standard Keyboard Ctk150 ...,,,334750.0,,
54,https://rewards.affinbank.com.my/affinrewards/catalog/image/288,affin_bank,Family,Casio Standard Keyboard Ctk240,,,218875.0,,
55,https://rewards.affinbank.com.my/affinrewards/catalog/image/287,affin_bank,Family,Casio Mini Keyboard Sa-77,,,162750.0,,
56,https://rewards.affinbank.com.my/affinrewards/catalog/image/286,affin_bank,Family,Casio Mini Keyboard Sa-46,,,144750.0,,
57,https://rewards.affinbank.com.my/affinrewards/catalog/image/283,affin_bank,Family,F.Castell Wcolour Pencil And 2 ...,,,28000.0,,
58,https://rewards.affinbank.com.my/affinrewards/catalog/image/282,affin_bank,Family,F.Castell C.Pencils & Exam Set,,,17875.0,,
59,https://rewards.affinbank.com.my/affinrewards/catalog/image/281,affin_bank,Family,F.Castell Wcolour & Exam Set,,,28750.0,,
60,https://rewards.affinbank.com.my/affinrewards/catalog/image/280,affin_bank,Family,F.Castell Wcolour & C.Pencils,,,34625.0,,
61,https://rewards.affinbank.com.my/affinrewards/catalog/image/279,affin_bank,Family,Gymnic Cavallo Rody - Red,,,135250.0,,
62,https://rewards.affinbank.com.my/affinrewards/catalog/image/40,affin_bank,Family,Mini Keyboard SA-47,,,142700.0,,
63,https://rewards.affinbank.com.my/affinrewards/catalog/image/38,affin_bank,Family,Groovy Musical Set,,,50700.0,,
64,https://rewards.affinbank.com.my/affinrewards/catalog/image/37,affin_bank,Family,Match It! Spelling,,,23100.0,,
65,https://rewards.affinbank.com.my/affinrewards/catalog/image/36,affin_bank,Family,NUK 150ml PP Bottle,,,30200.0,,
66,https://rewards.affinbank.com.my/affinrewards/catalog/image/35,affin_bank,Family,NUK Silicone Soother,,,23800.0,,
67,https://rewards.affinbank.com.my/affinrewards/catalog/image/33,affin_bank,Family,My Advance Colouring,,,29700.0,,
68,https://rewards.affinbank.com.my/affinrewards/catalog/image/31,affin_bank,Family,Mini Keyboard SA-46,,,146450.0,,
69,https://rewards.affinbank.com.my/affinrewards/catalog/image/30,affin_bank,Family,Bill & Betty Bricks,,,71250.0,,
70,https://rewards.affinbank.com.my/affinrewards/catalog/image/29,affin_bank,Family,Parking Puzzle Game,,,53550.0,,
71,https://rewards.affinbank.com.my/affinrewards/catalog/image/231,affin_bank,Home,"Faber Portable,Stick Vacuum",,,194750.0,,
72,https://rewards.affinbank.com.my/affinrewards/catalog/image/229,affin_bank,Home,Lock & Lock Storage 7P Set,,,53000.0,,
73,https://rewards.affinbank.com.my/affinrewards/catalog/image/225,affin_bank,Home,Sony Hi-Fi System Bluetooth,,,295625.0,,
74,https://rewards.affinbank.com.my/affinrewards/catalog/image/224,affin_bank,Home,Panasonic Slim Micro System,,,229875.0,,
75,https://rewards.affinbank.com.my/affinrewards/catalog/image/119,affin_bank,Home,Vantage Amberware,,,146950.0,,
76,https://rewards.affinbank.com.my/affinrewards/catalog/image/118,affin_bank,Home,Vantage Rosemary Set,,,315100.0,,
77,https://rewards.affinbank.com.my/affinrewards/catalog/image/114,affin_bank,Home,Faber Stand Mixer,,,83250.0,,
78,https://rewards.affinbank.com.my/affinrewards/catalog/image/110,affin_bank,Home,Morgan Cooker,,,123100.0,,
79,https://rewards.affinbank.com.my/affinrewards/catalog/image/109,affin_bank,Home,Morgan Pan Grill,,,122900.0,,
80,https://rewards.affinbank.com.my/affinrewards/catalog/image/108,affin_bank,Home,Faber Multi Cooker,,,106850.0,,
81,https://rewards.affinbank.com.my/affinrewards/catalog/image/107,affin_bank,Home,Elba Juice Extractor,,,80400.0,,
82,https://rewards.affinbank.com.my/affinrewards/catalog/image/106,affin_bank,Home,Elba Slow Cooker,,,66250.0,,
83,https://rewards.affinbank.com.my/affinrewards/catalog/image/104,affin_bank,Home,Morgan Rice Cooker,,,54250.0,,
84,https://rewards.affinbank.com.my/affinrewards/catalog/image/103,affin_bank,Home,Elba 1.7L Jug Kettle,,,57300.0,,
85,https://rewards.affinbank.com.my/affinrewards/catalog/image/98,affin_bank,Home,"Nylon Umbrella 24""",,,19800.0,,
86,https://rewards.affinbank.com.my/affinrewards/catalog/image/97,affin_bank,Home,"28"" Fold Umbrella",,,25000.0,,
87,https://rewards.affinbank.com.my/affinrewards/catalog/image/94,affin_bank,Home,Brabantia Pedal Bin,,,70500.0,,
88,https://rewards.affinbank.com.my/affinrewards/catalog/image/92,affin_bank,Home,Vantage Double Grill,,,119350.0,,
89,https://rewards.affinbank.com.my/affinrewards/catalog/image/90,affin_bank,Home,La Gourmet 3R Tiffin,,,73100.0,,
90,https://rewards.affinbank.com.my/affinrewards/catalog/image/89,affin_bank,Home,La Gourmet Flask&Mug,,,97650.0,,
91,https://rewards.affinbank.com.my/affinrewards/catalog/image/88,affin_bank,Home,La Gourmet Flask,,,37500.0,,
92,https://rewards.affinbank.com.my/affinrewards/catalog/image/85,affin_bank,Home,La Gourmet Cooker,,,127100.0,,
93,https://rewards.affinbank.com.my/affinrewards/catalog/image/84,affin_bank,Home,Joseph Joseph Bowl,,,25950.0,,
94,https://rewards.affinbank.com.my/affinrewards/catalog/image/80,affin_bank,Home,Joseph Joseph 3in1,,,42200.0,,
95,https://rewards.affinbank.com.my/affinrewards/catalog/image/79,affin_bank,Home,Glasslock Container,,,47900.0,,
96,https://rewards.affinbank.com.my/affinrewards/catalog/image/78,affin_bank,Home,Glasslock Jar & Mugs,,,71700.0,,
97,https://rewards.affinbank.com.my/affinrewards/catalog/image/77,affin_bank,Home,Lock&Lock Lunch Box,,,53050.0,,
98,https://rewards.affinbank.com.my/affinrewards/catalog/image/76,affin_bank,Home,Lock&Lock 5pc set,,,45500.0,,
99,https://rewards.affinbank.com.my/affinrewards/catalog/image/75,affin_bank,Home,Luxe Clair Bottle,,,36300.0,,
100,https://rewards.affinbank.com.my/affinrewards/catalog/image/74,affin_bank,Home,Luminarcs Amberline,,,112250.0,,
101,https://rewards.affinbank.com.my/affinrewards/catalog/image/73,affin_bank,Home,Luminarcs Votive Cup,,,21700.0,,
102,https://rewards.affinbank.com.my/affinrewards/catalog/image/72,affin_bank,Home,Luminarcs Regal 22cl,,,37250.0,,
103,https://rewards.affinbank.com.my/affinrewards/catalog/image/71,affin_bank,Home,Luminarc Rectangular,,,28750.0,,
104,https://rewards.affinbank.com.my/affinrewards/catalog/image/70,affin_bank,Home,Morgan Coffee Maker,,,54950.0,,
105,https://rewards.affinbank.com.my/affinrewards/catalog/image/67,affin_bank,Home,Faber Electric Oven,,,110850.0,,
106,https://rewards.affinbank.com.my/affinrewards/catalog/image/65,affin_bank,Home,Elba Oven Toaster,,,64850.0,,
107,https://rewards.affinbank.com.my/affinrewards/catalog/image/64,affin_bank,Home,Faber Bread Toaster,,,39400.0,,
108,https://rewards.affinbank.com.my/affinrewards/catalog/image/63,affin_bank,Home,Pensonic Toaster,,,52600.0,,
109,https://rewards.affinbank.com.my/affinrewards/catalog/image/61,affin_bank,Home,Faber Garmen Steamer,,,152100.0,,
110,https://rewards.affinbank.com.my/affinrewards/catalog/image/59,affin_bank,Home,Faber Vacuum Cleaner,,,163450.0,,
111,https://rewards.affinbank.com.my/affinrewards/catalog/image/55,affin_bank,Home,Morgan aedes zapper,,,101400.0,,
112,https://rewards.affinbank.com.my/affinrewards/catalog/image/54,affin_bank,Home,Surge Protection,,,85150.0,,
113,https://rewards.affinbank.com.my/affinrewards/catalog/image/249,affin_bank,Lifestyle,Dkny Be Delicious Edp 50Ml,,,121125.0,,
114,https://rewards.affinbank.com.my/affinrewards/catalog/image/248,affin_bank,Lifestyle,Versace Yellow Diamond Edt 50M ...,,,106000.0,,
115,https://rewards.affinbank.com.my/affinrewards/catalog/image/246,affin_bank,Lifestyle,G. A. Di Gio Homme Edp 75Ml Me ...,,,163625.0,,
116,https://rewards.affinbank.com.my/affinrewards/catalog/image/245,affin_bank,Lifestyle,Dunhill Desire Extreme Edt100M ...,,,140000.0,,
117,https://rewards.affinbank.com.my/affinrewards/catalog/image/244,affin_bank,Lifestyle,Bvf Aqva Atlantiqve Edt 100Ml,,,137750.0,,
118,https://rewards.affinbank.com.my/affinrewards/catalog/image/243,affin_bank,Lifestyle,Lacoste Edl Magnetic Edt 50Ml,,,88375.0,,
119,https://rewards.affinbank.com.my/affinrewards/catalog/image/237,affin_bank,Lifestyle,Casio Ladies Watch Ltp-1308D,,,85500.0,,
120,https://rewards.affinbank.com.my/affinrewards/catalog/image/236,affin_bank,Lifestyle,Casio Gent Watch Mtp-1308D,,,85500.0,,
121,https://rewards.affinbank.com.my/affinrewards/catalog/image/235,affin_bank,Lifestyle,Casio Ladies Watch,,,89500.0,,
122,https://rewards.affinbank.com.my/affinrewards/catalog/image/234,affin_bank,Lifestyle,Casio Gent Watch Mtp-1335D,,,89500.0,,
123,https://rewards.affinbank.com.my/affinrewards/catalog/image/205,affin_bank,Lifestyle,G-Shock Camouflage GD120CM-8DR,,,259125.0,,
124,https://rewards.affinbank.com.my/affinrewards/catalog/image/150,affin_bank,Lifestyle,Casio Men Analog,,,134200.0,,
125,https://rewards.affinbank.com.my/affinrewards/catalog/image/142,affin_bank,Lifestyle,Ralph Lauren 75mlEDP,,,127100.0,,
126,https://rewards.affinbank.com.my/affinrewards/catalog/image/141,affin_bank,Lifestyle,Versace Eros 50mlEDT,,,126900.0,,
127,https://rewards.affinbank.com.my/affinrewards/catalog/image/139,affin_bank,Lifestyle,Jimmy Choo 60ml EDP,,,125250.0,,
128,https://rewards.affinbank.com.my/affinrewards/catalog/image/138,affin_bank,Lifestyle,Issey Miyake 50mlEDT,,,122650.0,,
129,https://rewards.affinbank.com.my/affinrewards/catalog/image/137,affin_bank,Lifestyle,Dunhill 50ml EDP,,,109450.0,,
130,https://rewards.affinbank.com.my/affinrewards/catalog/image/136,affin_bank,Lifestyle,Montblanc legend EDT,,,103300.0,,
131,https://rewards.affinbank.com.my/affinrewards/catalog/image/134,affin_bank,Lifestyle,Leather women wallet,,,53300.0,,
132,https://rewards.affinbank.com.my/affinrewards/catalog/image/132,affin_bank,Lifestyle,Casio Digital Navy,,,76650.0,,
133,https://rewards.affinbank.com.my/affinrewards/catalog/image/130,affin_bank,Lifestyle,ICE Glam Pastel Pink,,,157100.0,,
134,https://rewards.affinbank.com.my/affinrewards/catalog/image/127,affin_bank,Lifestyle,Ice Watch White-Red,,,170750.0,,
135,https://rewards.affinbank.com.my/affinrewards/catalog/image/126,affin_bank,Lifestyle,CAT Watch (Orange),,,181150.0,,
136,https://rewards.affinbank.com.my/affinrewards/catalog/image/125,affin_bank,Lifestyle,CAT WatchBlackYellow,,,181150.0,,
137,https://rewards.affinbank.com.my/affinrewards/catalog/image/123,affin_bank,Lifestyle,Sheaffer 300 Grey,,,88200.0,,
138,https://rewards.affinbank.com.my/affinrewards/catalog/image/122,affin_bank,Lifestyle,Sheaffer VFM Blue,,,35850.0,,
139,https://rewards.affinbank.com.my/affinrewards/catalog/image/121,affin_bank,Lifestyle,LAMY Noto Matt white,,,33250.0,,
140,https://rewards.affinbank.com.my/affinrewards/catalog/image/120,affin_bank,Lifestyle,LAMY Joy Shiny Black,,,53300.0,,
141,https://rewards.affinbank.com.my/affinrewards/catalog/image/276,affin_bank,Travel & Leisure,Terminus Gym Duff (Set),,,175125.0,,
142,https://rewards.affinbank.com.my/affinrewards/catalog/image/275,affin_bank,Travel & Leisure,Terminus Gym Pro (Set),,,175125.0,,
143,https://rewards.affinbank.com.my/affinrewards/catalog/image/274,affin_bank,Travel & Leisure,Ez Pack 2.0,,,86250.0,,
144,https://rewards.affinbank.com.my/affinrewards/catalog/image/273,affin_bank,Travel & Leisure,Ez Carrier Plus,,,82000.0,,
145,https://rewards.affinbank.com.my/affinrewards/catalog/image/272,affin_bank,Travel & Leisure,Terminus Gym Ace,,,128375.0,,
146,https://rewards.affinbank.com.my/affinrewards/catalog/image/271,affin_bank,Travel & Leisure,Deuter City Light Midnight,,,77500.0,,
147,https://rewards.affinbank.com.my/affinrewards/catalog/image/270,affin_bank,Travel & Leisure,Deuter Walker 20,,,149625.0,,
148,https://rewards.affinbank.com.my/affinrewards/catalog/image/269,affin_bank,Travel & Leisure,Legend 24-Red/White,,,98125.0,,
149,https://rewards.affinbank.com.my/affinrewards/catalog/image/268,affin_bank,Travel & Leisure,Avantree Usb Charger Adapter,,,26875.0,,
150,https://rewards.affinbank.com.my/affinrewards/catalog/image/214,affin_bank,Travel & Leisure,"Giordano 28"" 4 Wheel Soft Case",,,248875.0,,
151,https://rewards.affinbank.com.my/affinrewards/catalog/image/212,affin_bank,Travel & Leisure,"STM drifter (M-15"") - navy",,,197250.0,,
152,https://rewards.affinbank.com.my/affinrewards/catalog/image/211,affin_bank,Travel & Leisure,"STM drifter (M-15"")-green camo",,,197250.0,,
153,https://rewards.affinbank.com.my/affinrewards/catalog/image/210,affin_bank,Travel & Leisure,Thunder Dashcam DC3.0 + 16GB,,,235500.0,,
154,https://rewards.affinbank.com.my/affinrewards/catalog/image/156,affin_bank,Travel & Leisure,Deuter Travel belt,,,88200.0,,
155,https://rewards.affinbank.com.my/affinrewards/catalog/image/155,affin_bank,Travel & Leisure,Deuter Giga,,,148800.0,,
156,https://rewards.affinbank.com.my/affinrewards/catalog/image/154,affin_bank,Travel & Leisure,Deuter Go Go,,,97900.0,,
157,https://rewards.affinbank.com.my/affinrewards/catalog/image/152,affin_bank,Travel & Leisure,Skross Classic,,,37050.0,,
158,https://rewards.affinbank.com.my/affinrewards/catalog/image/151,affin_bank,Travel & Leisure,Belkin TravelAdaptor,,,88200.0,,
159,https://rewards.affinbank.com.my/affinrewards/catalog/image/298,affin_bank,Voucher,BHPetrol Voucher RM20,,,15625.0,,
160,https://rewards.affinbank.com.my/affinrewards/catalog/image/187,affin_bank,Voucher,Melium RM200GiftCard,,,105650.0,,
161,https://rewards.affinbank.com.my/affinrewards/catalog/image/186,affin_bank,Voucher,Manhattan Fish RM50,,,30650.0,,
162,https://rewards.affinbank.com.my/affinrewards/catalog/image/185,affin_bank,Voucher,RODALINK RM50Voucher,,,30650.0,,
163,https://rewards.affinbank.com.my/affinrewards/catalog/image/184,affin_bank,Voucher,Sam's Groceria RM50,,,30650.0,,
164,https://rewards.affinbank.com.my/affinrewards/catalog/image/183,affin_bank,Voucher,Mydin RM50 Voucher,,,30650.0,,
165,https://rewards.affinbank.com.my/affinrewards/catalog/image/182,affin_bank,Voucher,Tradewinds RM100,,,55650.0,,
166,https://rewards.affinbank.com.my/affinrewards/catalog/image/181,affin_bank,Voucher,Time Galerie RM50,,,30650.0,,
167,https://rewards.affinbank.com.my/affinrewards/catalog/image/180,affin_bank,Voucher,Tomei Jewels RM50,,,30650.0,,
168,https://rewards.affinbank.com.my/affinrewards/catalog/image/179,affin_bank,Voucher,Habib Jewels RM50,,,30650.0,,
169,https://rewards.affinbank.com.my/affinrewards/catalog/image/178,affin_bank,Voucher,Toys R Us RM50,,,30650.0,,
170,https://rewards.affinbank.com.my/affinrewards/catalog/image/177,affin_bank,Voucher,IKEA Gift Card RM50,,,30650.0,,
171,https://rewards.affinbank.com.my/affinrewards/catalog/image/175,affin_bank,Voucher,TGIF/Italianies RM50,,,30650.0,,
172,https://rewards.affinbank.com.my/affinrewards/catalog/image/174,affin_bank,Voucher,Starbucks RM50,,,30650.0,,
173,https://rewards.affinbank.com.my/affinrewards/catalog/image/173,affin_bank,Voucher,Famous Amos RM50,,,30650.0,,
174,https://rewards.affinbank.com.my/affinrewards/catalog/image/172,affin_bank,Voucher,McDonald's RM50,,,30650.0,,
175,https://rewards.affinbank.com.my/affinrewards/catalog/image/171,affin_bank,Voucher,Tesco RM50 Voucher,,,30650.0,,
176,https://rewards.affinbank.com.my/affinrewards/catalog/image/170,affin_bank,Voucher,Robinsons / M&S RM50,,,30650.0,,
177,https://rewards.affinbank.com.my/affinrewards/catalog/image/168,affin_bank,Voucher,Parkson RM50 Voucher,,,30650.0,,
178,https://rewards.affinbank.com.my/affinrewards/catalog/image/165,affin_bank,Voucher,Pizza Hut RM50,,,30650.0,,
179,https://rewards.affinbank.com.my/affinrewards/catalog/image/164,affin_bank,Voucher,KFC RM50 Voucher,,,30650.0,,
180,https://rewards.affinbank.com.my/affinrewards/catalog/image/163,affin_bank,Voucher,Kenny Rogers' RM50,,,30650.0,,
181,https://rewards.affinbank.com.my/affinrewards/catalog/image/162,affin_bank,Voucher,Guardian RM50,,,30650.0,,
182,https://rewards.affinbank.com.my/affinrewards/catalog/image/161,affin_bank,Voucher,Giant RM50 Voucher,,,30650.0,,
183,https://rewards.affinbank.com.my/affinrewards/catalog/image/160,affin_bank,Voucher,Isetan RM50 Voucher,,,30650.0,,
184,https://rewards.affinbank.com.my/affinrewards/catalog/image/159,affin_bank,Voucher,AEON RM50 Voucher,,,30650.0,,
185,https://rewards.affinbank.com.my/affinrewards/catalog/image/158,affin_bank,Voucher,AEON BiG RM50,,,30650.0,,
186,https://rewards.affinbank.com.my/affinrewards/catalog/image/215,affin_bank,Tax,Sales & Service Tax,,,15325.0,,
187,https://rewards.affinbank.com.my/affinrewards/catalog/image/218,affin_bank,AirMiles Redemption,Malindo Miles,,,9000.0,,
188,https://rewards.affinbank.com.my/affinrewards/catalog/image/217,affin_bank,AirMiles Redemption,AirAsia BIG Points,,,10000.0,,
189,https://rewards.affinbank.com.my/affinrewards/catalog/image/216,affin_bank,AirMiles Redemption,Enrich Miles,,,12000.0,,
190,https://www.alliancebank.com.my/Alliance/media/Images/rewards/10022017102103.jpg,alliance_bank,Air Miles ,"1,000 Enrich Miles",,,6000.0,,
191,https://www.alliancebank.com.my/Alliance/media/Images/rewards/12112017231226.jpg,alliance_bank,Air Miles ,"1,000 BIG Points",,,3000.0,,
192,https://www.alliancebank.com.my/Alliance/media/Images/rewards/09152019160115.jpg,alliance_bank,Children,"Yvolution, YGlider 3 In 1 Black/Red - YV100074",,,146700.0,,
193,https://www.alliancebank.com.my/Alliance/media/Images/rewards/09152019151658.jpg,alliance_bank,Children,Vtech Alphabet Apple-BB - TTVTF101003,,,58200.0,,
194,https://www.alliancebank.com.my/Alliance/media/Images/rewards/09152019152942.jpg,alliance_bank,Children,Little Bean Home & Car Bottle Warmer - LBBEF-BW219,,,51200.0,,
195,https://www.alliancebank.com.my/Alliance/media/Images/rewards/09152019160602.jpg,alliance_bank,Children,Thermos Hello Kitty 370ml S/Steel Outdoor Mug - TCMG-371KT,,,46200.0,,
196,https://www.alliancebank.com.my/Alliance/media/Images/rewards/09152019153526.jpg,alliance_bank,Children,Transformers Multi-Function Digital Watch - TFSQ1385-01B,,,45700.0,,
197,https://www.alliancebank.com.my/Alliance/media/Images/rewards/09152019161427.jpg,alliance_bank,Children,Eplas Bottle Set - EGB-380BPA/EGB-480BPA,,,24200.0,,
198,https://www.alliancebank.com.my/Alliance/media/Images/rewards/09152019150237.jpg,alliance_bank,Children,Faber-Castell Classic Colour 24L Pencils (Slim Flexi) + Stamp Markers Set - 115896 / 552601,,,21700.0,,
199,https://www.alliancebank.com.my/Alliance/media/Images/rewards/0917201904829.jpg,alliance_bank,Electrical Appliances,CBTL™ (Clio) Coffee Machine - S21,,,419500.0,,
200,https://www.alliancebank.com.my/Alliance/media/Images/rewards/0917201905852.jpg,alliance_bank,Electrical Appliances,Philips Viva Collection Electric Pressure Cooker - HD2136/60,,,201200.0,,
201,https://www.alliancebank.com.my/Alliance/media/Images/rewards/10152019195243.jpg,alliance_bank,Electrical Appliances,Elba 3.2L Air Fryer - EAF-H3214(BK),,,200500.0,,
202,https://www.alliancebank.com.my/Alliance/media/Images/rewards/0917201905833.jpg,alliance_bank,Electrical Appliances,Panasonic 20L Straight Microwave Oven - NN-ST25JBMPQ,,,169200.0,,
203,https://www.alliancebank.com.my/Alliance/media/Images/rewards/0917201904608.jpg,alliance_bank,Electrical Appliances,Khind DC Tower Fan - FD401R,,,140700.0,,
204,https://www.alliancebank.com.my/Alliance/media/Images/rewards/0917201905249.jpg,alliance_bank,Electrical Appliances,Milux Cyclonic Handheld Vacuum Cleaner - MVC-821,,,132800.0,,
205,https://www.alliancebank.com.my/Alliance/media/Images/rewards/0917201905915.jpg,alliance_bank,Electrical Appliances,Electrolux Blender - EBR3526,,,105700.0,,
206,https://www.alliancebank.com.my/Alliance/media/Images/rewards/0917201904636.jpg,alliance_bank,Electrical Appliances,Butterfly 12.8L Food Steamer - BS-6212,,,99700.0,,
207,https://www.alliancebank.com.my/Alliance/media/Images/rewards/0917201905234.jpg,alliance_bank,Electrical Appliances,Acson Car Air Purifier - ACP10A2,,,93800.0,,
208,https://www.alliancebank.com.my/Alliance/media/Images/rewards/03032020174747.jpg,alliance_bank,Electrical Appliances,Elba 5L Thermo Pot - ETP-G5083(CG),,,73500.0,,
209,https://www.alliancebank.com.my/Alliance/media/Images/rewards/0917201904802.jpg,alliance_bank,Electrical Appliances,Elba Steam Iron - ESI-G2021(PP),,,47300.0,,
210,https://www.alliancebank.com.my/Alliance/media/Images/rewards/11052019110110.jpg,alliance_bank,IT Gadgets,Fitbit Versa 2 (Black) - FB507BKBK-FRCJK,,,434700.0,,
211,https://www.alliancebank.com.my/Alliance/media/Images/rewards/0917201903229.jpg,alliance_bank,IT Gadgets,Sennheiser Stereo Headphone - CX300S Red,,,114200.0,,
212,https://www.alliancebank.com.my/Alliance/media/Images/rewards/10172019112525.jpg,alliance_bank,IT Gadgets,Travelead Travel Adapter + PROMATE - Aluminum Card Case with RFID Protection - E152 + CardSafe,,,47700.0,,
213,https://www.alliancebank.com.my/Alliance/media/Images/rewards/0917201910456.jpg,alliance_bank,Kitchen & Home Appliances ,Zebra 6.5'' & 7'' 2pcs Knife Set-Chef W/Cutting Board - Z100X600X000,,,73800.0,,
214,https://www.alliancebank.com.my/Alliance/media/Images/rewards/0917201905644.jpg,alliance_bank,Kitchen & Home Appliances ,Lock & Lock Boroseal Heat Resistant Square Glass Set - LLG448S03,,,50300.0,,
215,https://www.alliancebank.com.my/Alliance/media/Images/rewards/0917201905620.jpg,alliance_bank,Kitchen & Home Appliances ,eplas BPA Free Bottle (2-pc Set) - EGH-600BPA / 1000BPA,,,23700.0,,
216,https://www.alliancebank.com.my/Alliance/media/Images/rewards/10172019120010.jpg,alliance_bank,Outdoor,American Tourister Curio Spinner 55/20 TSA - AO8*19001 (Black),,,204800.0,,
217,https://www.alliancebank.com.my/Alliance/media/Images/rewards/0917201901236.jpg,alliance_bank,Outdoor,"Condotti 24"" Unbreakable Hardcase - CTQ 24",,,153700.0,,
218,https://www.alliancebank.com.my/Alliance/media/Images/rewards/0917201901340.jpg,alliance_bank,Outdoor,Case Logic Founder Backpack - CCAM-2126-POPROCKCAMO-GRAPHITE,,,69200.0,,
219,https://www.alliancebank.com.my/Alliance/media/Images/rewards/0917201901601.jpg,alliance_bank,Outdoor,Hypergear Dry Bag 40L,,,61700.0,,
220,https://www.alliancebank.com.my/Alliance/media/Images/rewards/0917201901720.jpg,alliance_bank,Outdoor,Camel Active Waist Bag - 51151570,,,59700.0,,
221,https://www.alliancebank.com.my/Alliance/media/Images/rewards/0917201902129.jpg,alliance_bank,Outdoor,Coleman 9L Artic Rainbow Cooler Bag - Artic 9L,,,56200.0,,
222,https://www.alliancebank.com.my/Alliance/media/Images/rewards/10172019113234.jpg,alliance_bank,Outdoor,Kenvelo  Travel Pillow - 62030462,,,23200.0,,
223,https://www.alliancebank.com.my/Alliance/media/Images/rewards/0917201903759.jpg,alliance_bank,Personal,Casio Analog-Digital Watch - AEQ-110BW-1A,,,117700.0,,
224,https://www.alliancebank.com.my/Alliance/media/Images/rewards/0917201904152.jpg,alliance_bank,Personal,Omron Upper Arm Blood Pressure Monitor - HEM-7120,,,105200.0,,
225,https://www.alliancebank.com.my/Alliance/media/Images/rewards/0917201904121.jpg,alliance_bank,Personal,Rossmax Body Fat Monitor - WF260,,,104800.0,,
226,https://www.alliancebank.com.my/Alliance/media/Images/rewards/0917201903848.jpg,alliance_bank,Personal,VS Sassoon iPink 25mm Curling Iron - VSCD120PIH,,,101700.0,,
227,https://www.alliancebank.com.my/Alliance/media/Images/rewards/0917201903911.jpg,alliance_bank,Personal,Philips ThermoProtect Thermo Ionic Hair Dryer with Diffuser - HP8233/03,,,101700.0,,
228,https://www.alliancebank.com.my/Alliance/media/Images/rewards/0917201903635.jpg,alliance_bank,Personal,Casio Ladies Analog Watch - LTP-1308L-1A,,,91700.0,,
229,https://www.alliancebank.com.my/Alliance/media/Images/rewards/0917201904415.jpg,alliance_bank,Personal,Tanita Digital Glass Scale with BMI Calculator - HD383(WH),,,66000.0,,
230,https://www.rhbgroup.com/cards/benefits/rewards/catalogue/detail.php?code=1000&height=500&width=600,rhb,Vouchers & Frequent Flyer Programme,AEON RM50 Voucher,,,30000.0,,
231,https://www.rhbgroup.com/cards/benefits/rewards/catalogue/detail.php?code=1002&height=500&width=600,rhb,Vouchers & Frequent Flyer Programme,AEON BiG RM50 Voucher,,,30000.0,,
232,https://www.rhbgroup.com/cards/benefits/rewards/catalogue/detail.php?code=1004&height=500&width=600,rhb,Vouchers & Frequent Flyer Programme,Tesco RM50 Voucher,,,30000.0,,
233,https://www.rhbgroup.com/cards/benefits/rewards/catalogue/detail.php?code=1006&height=500&width=600,rhb,Vouchers & Frequent Flyer Programme,Cold Storage RM50 Voucher,,,30000.0,,
234,https://www.rhbgroup.com/cards/benefits/rewards/catalogue/detail.php?code=1008&height=500&width=600,rhb,Vouchers & Frequent Flyer Programme,Giant RM50 Voucher,,,30000.0,,
235,https://www.rhbgroup.com/cards/benefits/rewards/catalogue/detail.php?code=1010&height=500&width=600,rhb,Vouchers & Frequent Flyer Programme,Harvey Norman RM50 Voucher,,,30000.0,,
236,https://www.rhbgroup.com/cards/benefits/rewards/catalogue/detail.php?code=1012&height=500&width=600,rhb,Vouchers & Frequent Flyer Programme,Ikea RM50 Gift Card,,,30000.0,,
237,https://www.rhbgroup.com/cards/benefits/rewards/catalogue/detail.php?code=1014&height=500&width=600,rhb,Vouchers & Frequent Flyer Programme,Parkson RM50 Voucher,,,30000.0,,
238,https://www.rhbgroup.com/cards/benefits/rewards/catalogue/detail.php?code=1016&height=500&width=600,rhb,Vouchers & Frequent Flyer Programme,Robinsons / Mark & Spencer RM50 Voucher,,,30000.0,,
239,https://www.rhbgroup.com/cards/benefits/rewards/catalogue/detail.php?code=1018&height=500&width=600,rhb,Vouchers & Frequent Flyer Programme,Isetan RM50 Voucher,,,30000.0,,
240,https://www.rhbgroup.com/cards/benefits/rewards/catalogue/detail.php?code=1020&height=500&width=600,rhb,Vouchers & Frequent Flyer Programme,Uniqlo RM50 Voucher,,,30000.0,,
241,https://www.rhbgroup.com/cards/benefits/rewards/catalogue/detail.php?code=1022&height=500&width=600,rhb,Vouchers & Frequent Flyer Programme,Popular RM50 Voucher,,,30000.0,,
242,https://www.rhbgroup.com/cards/benefits/rewards/catalogue/detail.php?code=1024&height=500&width=600,rhb,Vouchers & Frequent Flyer Programme,Kinokuniya RM50 Gift Card,,,30000.0,,
243,https://www.rhbgroup.com/cards/benefits/rewards/catalogue/detail.php?code=1026&height=500&width=600,rhb,Vouchers & Frequent Flyer Programme,Poh Kong RM50 Voucher,,,30000.0,,
244,https://www.rhbgroup.com/cards/benefits/rewards/catalogue/detail.php?code=1028&height=500&width=600,rhb,Vouchers & Frequent Flyer Programme,McDonald's RM50 Voucher,,,30000.0,,
245,https://www.rhbgroup.com/cards/benefits/rewards/catalogue/detail.php?code=1030&height=500&width=600,rhb,Vouchers & Frequent Flyer Programme,KFC RM50 Voucher,,,30000.0,,
246,https://www.rhbgroup.com/cards/benefits/rewards/catalogue/detail.php?code=1032&height=500&width=600,rhb,Vouchers & Frequent Flyer Programme,Pizza Hut RM50 Voucher,,,30000.0,,
247,https://www.rhbgroup.com/cards/benefits/rewards/catalogue/detail.php?code=1034&height=500&width=600,rhb,Vouchers & Frequent Flyer Programme,Kenny Rogers ROASTERS RM50 Voucher,,,30000.0,,
248,https://www.rhbgroup.com/cards/benefits/rewards/catalogue/detail.php?code=1036&height=500&width=600,rhb,Vouchers & Frequent Flyer Programme,Nando's RM50 Voucher,,,30000.0,,
249,https://www.rhbgroup.com/cards/benefits/rewards/catalogue/detail.php?code=1038&height=500&width=600,rhb,Vouchers & Frequent Flyer Programme,Manhattan Fish Market RM50 Voucher,,,30000.0,,
250,https://www.rhbgroup.com/cards/benefits/rewards/catalogue/detail.php?code=1040&height=500&width=600,rhb,Vouchers & Frequent Flyer Programme,O'briens RM50 Voucher,,,30000.0,,
251,https://www.rhbgroup.com/cards/benefits/rewards/catalogue/detail.php?code=1042&height=500&width=600,rhb,Vouchers & Frequent Flyer Programme,Chili's RM50 Voucher,,,30000.0,,
252,https://www.rhbgroup.com/cards/benefits/rewards/catalogue/detail.php?code=1044&height=500&width=600,rhb,Vouchers & Frequent Flyer Programme,Starbucks RM50 Reloadable Card,,,30000.0,,
253,https://www.rhbgroup.com/cards/benefits/rewards/catalogue/detail.php?code=1046&height=500&width=600,rhb,Vouchers & Frequent Flyer Programme,The Coffee Bean RM50 Voucher,,,30000.0,,
254,https://www.rhbgroup.com/cards/benefits/rewards/catalogue/detail.php?code=1048&height=500&width=600,rhb,Vouchers & Frequent Flyer Programme,TGIF / Italiannies RM50 Voucher,,,30000.0,,
255,https://www.rhbgroup.com/cards/benefits/rewards/catalogue/detail.php?code=1050&height=500&width=600,rhb,Vouchers & Frequent Flyer Programme,Tai Thong RM50 Voucher,,,30000.0,,
256,https://www.rhbgroup.com/cards/benefits/rewards/catalogue/detail.php?code=1052&height=500&width=600,rhb,Vouchers & Frequent Flyer Programme,Oriental Restaurants RM50 Voucher (Non Halal),,,30000.0,,
257,https://www.rhbgroup.com/cards/benefits/rewards/catalogue/detail.php?code=1054&height=500&width=600,rhb,Vouchers & Frequent Flyer Programme,Din Tai Fung RM50 Voucher,,,30000.0,,
258,https://www.rhbgroup.com/cards/benefits/rewards/catalogue/detail.php?code=1056&height=500&width=600,rhb,Vouchers & Frequent Flyer Programme,DRAGON-I RM50 Voucher (Non Halal),,,30000.0,,
259,https://www.rhbgroup.com/cards/benefits/rewards/catalogue/detail.php?code=6002&height=500&width=600,rhb,Vouchers & Frequent Flyer Programme,500 Enrich Miles (All credit cards except Visa Infinite & Premier Visa Infinite),,,5500.0,,
260,https://www.rhbgroup.com/cards/benefits/rewards/catalogue/detail.php?code=6011&height=500&width=600,rhb,Vouchers & Frequent Flyer Programme,500 Enrich Miles (For Visa Infinite only),,,4000.0,,
261,https://www.rhbgroup.com/cards/benefits/rewards/catalogue/detail.php?code=6012&height=500&width=600,rhb,Vouchers & Frequent Flyer Programme,500 Enrich Miles (For Premier Visa Infinite only),,,3000.0,,
262,https://www.rhbgroup.com/cards/benefits/rewards/catalogue/detail.php?code=6021&height=500&width=600,rhb,Vouchers & Frequent Flyer Programme,500 Krisflyer Miles,,,6000.0,,
263,https://www.rhbgroup.com/cards/benefits/rewards/catalogue/detail.php?code=6041&height=500&width=600,rhb,Vouchers & Frequent Flyer Programme,1000 BIG Points (BIG membership required),,,6000.0,,
264,https://www.rhbgroup.com/cards/benefits/rewards/catalogue/detail.php?code=2252&height=500&width=600,rhb,Health & Beauty,Philips Sonicare Elite+Sonic electric toothbrush,,,76100.0,,
265,https://www.rhbgroup.com/cards/benefits/rewards/catalogue/detail.php?code=2254&height=500&width=600,rhb,Health & Beauty,Medklinn Versa 25 Air+Surface Sterilizer,,,272600.0,,
266,https://www.rhbgroup.com/cards/benefits/rewards/catalogue/detail.php?code=2256&height=500&width=600,rhb,Health & Beauty,Baseus Creamy-White Aroma Diffuser Humidifier,,,36100.0,,
267,https://www.rhbgroup.com/cards/benefits/rewards/catalogue/detail.php?code=2258&height=500&width=600,rhb,Health & Beauty,Touch Beauty Anti Winkle Eye Massager,,,40100.0,,
268,https://www.rhbgroup.com/cards/benefits/rewards/catalogue/detail.php?code=2260&height=500&width=600,rhb,Health & Beauty,Touch Beauty Cream Booster,,,48100.0,,
269,https://www.rhbgroup.com/cards/benefits/rewards/catalogue/detail.php?code=2262&height=500&width=600,rhb,Health & Beauty,Omron Upper Arm Blood Pressure Monitor,,,104100.0,,
270,https://www.rhbgroup.com/cards/benefits/rewards/catalogue/detail.php?code=2264&height=500&width=600,rhb,Health & Beauty,Rossmax Blood Pressure Monitor (Arm),,,154100.0,,
271,https://www.rhbgroup.com/cards/benefits/rewards/catalogue/detail.php?code=2266&height=500&width=600,rhb,Health & Beauty,Rossmax Fingertip Pulse Oximeter,,,192100.0,,
272,https://www.rhbgroup.com/cards/benefits/rewards/catalogue/detail.php?code=2268&height=500&width=600,rhb,Health & Beauty,Rossmax Infrared Ear Thermometer,,,94600.0,,
273,https://www.rhbgroup.com/cards/benefits/rewards/catalogue/detail.php?code=2270&height=500&width=600,rhb,Health & Beauty,Noerden MiniMi,,,77700.0,,
274,https://www.rhbgroup.com/cards/benefits/rewards/catalogue/detail.php?code=2272&height=500&width=600,rhb,Health & Beauty,Omron Wrist Blood Pressure Monitor,,,162100.0,,
275,https://www.rhbgroup.com/cards/benefits/rewards/catalogue/detail.php?code=2274&height=500&width=600,rhb,Health & Beauty,Phyliss Digital Bathroom Scale With Backlight Display,,,61200.0,,
276,https://www.rhbgroup.com/cards/benefits/rewards/catalogue/detail.php?code=2276&height=500&width=600,rhb,Health & Beauty,BaByliss Salonlight Dryer,,,125700.0,,
277,https://www.rhbgroup.com/cards/benefits/rewards/catalogue/detail.php?code=2278&height=500&width=600,rhb,Health & Beauty,Dyson Supersonic HD01 23.75 Karat Gold,,,872800.0,,
278,https://www.rhbgroup.com/cards/benefits/rewards/catalogue/detail.php?code=2280&height=500&width=600,rhb,Health & Beauty,Philips Dry Care EssentialEnergy Efficient Hairdryer,,,50100.0,,
279,https://www.rhbgroup.com/cards/benefits/rewards/catalogue/detail.php?code=2282&height=500&width=600,rhb,Health & Beauty,Faber Hair Dryer,,,34600.0,,
280,https://www.rhbgroup.com/cards/benefits/rewards/catalogue/detail.php?code=2284&height=500&width=600,rhb,Health & Beauty,Panasonic Hair Styler,,,68100.0,,
281,https://www.rhbgroup.com/cards/benefits/rewards/catalogue/detail.php?code=2286&height=500&width=600,rhb,Health & Beauty,BaByliss Volume Wave,,,89600.0,,
282,https://www.rhbgroup.com/cards/benefits/rewards/catalogue/detail.php?code=2288&height=500&width=600,rhb,Health & Beauty,Braun Airstyler,,,52100.0,,
283,https://www.rhbgroup.com/cards/benefits/rewards/catalogue/detail.php?code=2290&height=500&width=600,rhb,Health & Beauty,BaByliss Multi-8 Multi-purpose Trimmer,,,83600.0,,
284,https://www.rhbgroup.com/cards/benefits/rewards/catalogue/detail.php?code=2292&height=500&width=600,rhb,Health & Beauty,Philips Electric Shaver series 100,,,48100.0,,
285,https://www.rhbgroup.com/cards/benefits/rewards/catalogue/detail.php?code=2294&height=500&width=600,rhb,Health & Beauty,Philips Beard trimmer series 1000,,,48100.0,,
286,https://www.rhbgroup.com/cards/benefits/rewards/catalogue/detail.php?code=2296&height=500&width=600,rhb,Health & Beauty,Remington Dual Foil Travel Shaver,,,51100.0,,
287,https://www.rhbgroup.com/cards/benefits/rewards/catalogue/detail.php?code=2298&height=500&width=600,rhb,Health & Beauty,Braun Mobile Shaver,,,89100.0,,
288,https://www.rhbgroup.com/cards/benefits/rewards/catalogue/detail.php?code=2300&height=500&width=600,rhb,Health & Beauty,Fitbit Inspire HR Black,,,203600.0,,
289,https://www.rhbgroup.com/cards/benefits/rewards/catalogue/detail.php?code=2302&height=500&width=600,rhb,Health & Beauty,Fitbit Charge 4 Black,,,314100.0,,
290,https://www.rhbgroup.com/cards/benefits/rewards/catalogue/detail.php?code=2304&height=500&width=600,rhb,Health & Beauty,Blaupunkt HEPA Car Air Purifier AP1.0,,,164600.0,,
291,https://www.rhbgroup.com/cards/benefits/rewards/catalogue/detail.php?code=2306&height=500&width=600,rhb,Health & Beauty,Ogawa Comfy Therapy Foot Reflexology,,,181200.0,,
292,https://www.rhbgroup.com/cards/benefits/rewards/catalogue/detail.php?code=2308&height=500&width=600,rhb,Health & Beauty,Ogawa Mobile Shiatsu Lite Shiatsu Back Massage Pillow,,,183200.0,,
293,https://www.rhbgroup.com/cards/benefits/rewards/catalogue/detail.php?code=2310&height=500&width=600,rhb,Health & Beauty,Western Comefree Exercise Aerobic Band + Mini Massage Ball,,,50700.0,,
294,https://www.rhbgroup.com/cards/benefits/rewards/catalogue/detail.php?code=2312&height=500&width=600,rhb,Health & Beauty,Ogawa Leni Touch Handheld Vibration Massager,,,101700.0,,
295,https://www.rhbgroup.com/cards/benefits/rewards/catalogue/detail.php?code=2314&height=500&width=600,rhb,Health & Beauty,OSIM uScalp,,,164100.0,,
296,https://www.rhbgroup.com/cards/benefits/rewards/catalogue/detail.php?code=2000&height=500&width=600,rhb,Home Appliances,Sony 65 4K Ultra HD LED Smart TV,,,2594700.0,"Fast Track:
1297350 pts + RM2595",
297,https://www.rhbgroup.com/cards/benefits/rewards/catalogue/detail.php?code=2002&height=500&width=600,rhb,Home Appliances,Samsung 65 Smart 4K UHD TV,,,2289500.0,"Fast Track:
1144750 pts + RM2290",
298,https://www.rhbgroup.com/cards/benefits/rewards/catalogue/detail.php?code=2004&height=500&width=600,rhb,Home Appliances,Samsung 55 Smart 4K TV,,,1393200.0,"Fast Track:
696600 pts + RM1394",
299,https://www.rhbgroup.com/cards/benefits/rewards/catalogue/detail.php?code=2006&height=500&width=600,rhb,Home Appliances,Samsung 50 Smart 4K UHD TV,,,1186500.0,"Fast Track:
593250 pts + RM1187",
300,https://www.rhbgroup.com/cards/benefits/rewards/catalogue/detail.php?code=2008&height=500&width=600,rhb,Home Appliances,Philips 40 FHD LED TV,,,416600.0,"Fast Track:
208300 pts + RM417",
301,https://www.rhbgroup.com/cards/benefits/rewards/catalogue/detail.php?code=2010&height=500&width=600,rhb,Home Appliances,Philips Digital Lock Easy Key,,,622700.0,"Fast Track:
311350 pts + RM623",
302,https://www.rhbgroup.com/cards/benefits/rewards/catalogue/detail.php?code=2012&height=500&width=600,rhb,Home Appliances,Samsung 3.1 Channel Wireless Audio Soundbar,,,715300.0,"Fast Track:
357650 pts + RM716",
303,https://www.rhbgroup.com/cards/benefits/rewards/catalogue/detail.php?code=2014&height=500&width=600,rhb,Home Appliances,Sony 2.1ch Compact Single Soundbar with Bluetooth® technology,,,458200.0,"Fast Track:
229100 pts + RM459",
304,https://www.rhbgroup.com/cards/benefits/rewards/catalogue/detail.php?code=2016&height=500&width=600,rhb,Home Appliances,Samsung 500L Twin Cooling Plus Top Mount Freezer 2-Door Refrigerator,,,1153700.0,"Fast Track:
576850 pts + RM1154",
305,https://www.rhbgroup.com/cards/benefits/rewards/catalogue/detail.php?code=2018&height=500&width=600,rhb,Home Appliances,Samsung Top Mount Freezer with Digital Inverter Technology 300L,,,799500.0,"Fast Track:
399750 pts + RM800",
306,https://www.rhbgroup.com/cards/benefits/rewards/catalogue/detail.php?code=2020&height=500&width=600,rhb,Home Appliances,Haier 90L Breast Milk Freezer,,,596400.0,"Fast Track:
298200 pts + RM597",
307,https://www.rhbgroup.com/cards/benefits/rewards/catalogue/detail.php?code=2022&height=500&width=600,rhb,Home Appliances,Faber 150L Chest Freezer,,,553900.0,"Fast Track:
276950 pts + RM554",
308,https://www.rhbgroup.com/cards/benefits/rewards/catalogue/detail.php?code=2024&height=500&width=600,rhb,Home Appliances,Panasonic Cubie 15L Steam Convection Oven,,,486000.0,"Fast Track:
243000 pts + RM486",
309,https://www.rhbgroup.com/cards/benefits/rewards/catalogue/detail.php?code=2026&height=500&width=600,rhb,Home Appliances,Philips Daily Collection 2L Jar Rice Cooker,,,91900.0,"Fast Track:
45950 pts + RM92",
310,https://www.rhbgroup.com/cards/benefits/rewards/catalogue/detail.php?code=2028&height=500&width=600,rhb,Home Appliances,Morgan 23L Electric Oven,,,103100.0,"Fast Track:
51550 pts + RM104",
311,https://www.rhbgroup.com/cards/benefits/rewards/catalogue/detail.php?code=2030&height=500&width=600,rhb,Home Appliances,Pensonic 23L Electric Oven - Batik Series,,,93100.0,"Fast Track:
46550 pts + RM94",
312,https://www.rhbgroup.com/cards/benefits/rewards/catalogue/detail.php?code=2032&height=500&width=600,rhb,Home Appliances,Khind Soup Cooker,,,77300.0,"Fast Track:
38650 pts + RM78",
313,https://www.rhbgroup.com/cards/benefits/rewards/catalogue/detail.php?code=2034&height=500&width=600,rhb,Home Appliances,Butterfly 9L Oven Toaster,,,51300.0,"Fast Track:
25650 pts + RM52",
314,https://www.rhbgroup.com/cards/benefits/rewards/catalogue/detail.php?code=2036&height=500&width=600,rhb,Home Appliances,Philips Viva Collection 6L All-In-One Cooker,,,301600.0,"Fast Track:
150800 pts + RM302",
315,https://www.rhbgroup.com/cards/benefits/rewards/catalogue/detail.php?code=2038&height=500&width=600,rhb,Home Appliances,"Samsung Solo Microwave Oven with Quick Defrost, 23L",,,189000.0,"Fast Track:
94500 pts + RM189",
316,https://www.rhbgroup.com/cards/benefits/rewards/catalogue/detail.php?code=2040&height=500&width=600,rhb,Home Appliances,Tefal Chopper & Grinder 5 In 1,,,118700.0,"Fast Track:
59350 pts + RM119",
317,https://www.rhbgroup.com/cards/benefits/rewards/catalogue/detail.php?code=2042&height=500&width=600,rhb,Home Appliances,Elba 3.2L Air Fryer,,,158900.0,"Fast Track:
79450 pts + RM159",
318,https://www.rhbgroup.com/cards/benefits/rewards/catalogue/detail.php?code=2044&height=500&width=600,rhb,Home Appliances,Pensonic 3.8L Stainless Steel Electric Steamboat,,,70700.0,"Fast Track:
35350 pts + RM71",
319,https://www.rhbgroup.com/cards/benefits/rewards/catalogue/detail.php?code=2046&height=500&width=600,rhb,Home Appliances,Faber Rice Cooker 1L,,,55300.0,"Fast Track:
27650 pts + RM5600",
320,https://www.rhbgroup.com/cards/benefits/rewards/catalogue/detail.php?code=2048&height=500&width=600,rhb,Home Appliances,Morphy Richard 1.6L Prepstar Food Processor,,,193200.0,"Fast Track:
96600 pts + RM194",
321,https://www.rhbgroup.com/cards/benefits/rewards/catalogue/detail.php?code=2050&height=500&width=600,rhb,Home Appliances,Panasonic 3L Slow Cooker,,,92400.0,"Fast Track:
46200 pts + RM93",
322,https://www.rhbgroup.com/cards/benefits/rewards/catalogue/detail.php?code=2052&height=500&width=600,rhb,Home Appliances,Philips Daily Collection Blender,,,73700.0,"Fast Track:
36850 pts + RM74",
323,https://www.rhbgroup.com/cards/benefits/rewards/catalogue/detail.php?code=2054&height=500&width=600,rhb,Home Appliances,Butterfly 1.2L Multi Function Mini Cooker,,,37200.0,"Fast Track:
18600 pts + RM38",
324,https://www.rhbgroup.com/cards/benefits/rewards/catalogue/detail.php?code=2056&height=500&width=600,rhb,Home Appliances,Morgan Food Dehydrator,,,94800.0,"Fast Track:
47400 pts + RM95",
325,https://www.rhbgroup.com/cards/benefits/rewards/catalogue/detail.php?code=2058&height=500&width=600,rhb,Home Appliances,Princess BBQ XXL (Detachable Stand),,,155600.0,"Fast Track:
77800 pts + RM156",
326,https://www.rhbgroup.com/cards/benefits/rewards/catalogue/detail.php?code=2060&height=500&width=600,rhb,Home Appliances,Elba 10L Food Steamer,,,72200.0,"Fast Track:
36100 pts + RM73",
327,https://www.rhbgroup.com/cards/benefits/rewards/catalogue/detail.php?code=2062&height=500&width=600,rhb,Home Appliances,Hanabishi 4.5L Steamboat with Grill,,,170400.0,"Fast Track:
85200 pts + RM171",
328,https://www.rhbgroup.com/cards/benefits/rewards/catalogue/detail.php?code=2064&height=500&width=600,rhb,Home Appliances,Cornell 3L Pan Grill,,,140400.0,"Fast Track:
70200 pts + RM141",
329,https://www.rhbgroup.com/cards/benefits/rewards/catalogue/detail.php?code=2066&height=500&width=600,rhb,Home Appliances,Tefal Fruitelia Plus Metal,,,146000.0,"Fast Track:
73000 pts + RM146",
330,https://www.rhbgroup.com/cards/benefits/rewards/catalogue/detail.php?code=2068&height=500&width=600,rhb,Home Appliances,Butterfly Portable Gas Stove,,,32200.0,"Fast Track:
16100 pts + RM33",
331,https://www.rhbgroup.com/cards/benefits/rewards/catalogue/detail.php?code=2070&height=500&width=600,rhb,Home Appliances,Faber Ceramic Cooker,,,120700.0,"Fast Track:
60350 pts + RM121",
332,https://www.rhbgroup.com/cards/benefits/rewards/catalogue/detail.php?code=2072&height=500&width=600,rhb,Home Appliances,Cornell Induction Cooker,,,127400.0,"Fast Track:
63700 pts + RM128",
333,https://www.rhbgroup.com/cards/benefits/rewards/catalogue/detail.php?code=2074&height=500&width=600,rhb,Home Appliances,Breville Aroma Coffee Maker,,,158800.0,"Fast Track:
79400 pts + RM159",
334,https://www.rhbgroup.com/cards/benefits/rewards/catalogue/detail.php?code=2076&height=500&width=600,rhb,Home Appliances,Krups NDG Lumio WHITE,,,265100.0,"Fast Track:
132550 pts + RM266",
335,https://www.rhbgroup.com/cards/benefits/rewards/catalogue/detail.php?code=2078&height=500&width=600,rhb,Home Appliances,Faber 1L Jug Kettle,,,56100.0,"Fast Track:
28050 pts + RM57",
336,https://www.rhbgroup.com/cards/benefits/rewards/catalogue/detail.php?code=2080&height=500&width=600,rhb,Home Appliances,Khind Bread Maker,,,142900.0,"Fast Track:
71450 pts + RM143",
337,https://www.rhbgroup.com/cards/benefits/rewards/catalogue/detail.php?code=2082&height=500&width=600,rhb,Home Appliances,Butterfly 4-Slice Toaster,,,39200.0,"Fast Track:
19600 pts + RM40",
338,https://www.rhbgroup.com/cards/benefits/rewards/catalogue/detail.php?code=2084&height=500&width=600,rhb,Home Appliances,Cornell 5L Thermo Pot,,,74300.0,"Fast Track:
37150 pts + RM75",
339,https://www.rhbgroup.com/cards/benefits/rewards/catalogue/detail.php?code=2086&height=500&width=600,rhb,Home Appliances,Faber 5L Kettle,,,68700.0,"Fast Track:
34350 pts + RM69",
340,https://www.rhbgroup.com/cards/benefits/rewards/catalogue/detail.php?code=2088&height=500&width=600,rhb,Home Appliances,Morgan Jug Kettle 1.7L,,,62700.0,"Fast Track:
31350 pts + RM63",
341,https://www.rhbgroup.com/cards/benefits/rewards/catalogue/detail.php?code=2090&height=500&width=600,rhb,Home Appliances,Morgan 400ml Juice Extractors,,,61200.0,"Fast Track:
30600 pts + RM62",
342,https://www.rhbgroup.com/cards/benefits/rewards/catalogue/detail.php?code=2092&height=500&width=600,rhb,Home Appliances,Faber 2 Slices Toaster,,,38200.0,"Fast Track:
19100 pts + RM39",
343,https://www.rhbgroup.com/cards/benefits/rewards/catalogue/detail.php?code=2094&height=500&width=600,rhb,Home Appliances,Milux Juice Extractor,,,98200.0,"Fast Track:
49100 pts + RM99",
344,https://www.rhbgroup.com/cards/benefits/rewards/catalogue/detail.php?code=2096&height=500&width=600,rhb,Home Appliances,Khind 4L Multi Cooker,,,112900.0,"Fast Track:
56450 pts + RM113",
345,https://www.rhbgroup.com/cards/benefits/rewards/catalogue/detail.php?code=2098&height=500&width=600,rhb,Home Appliances,Butterfly 1.5L Cordless Jug Kettle,,,48200.0,"Fast Track:
24100 pts + RM49",
346,https://www.rhbgroup.com/cards/benefits/rewards/catalogue/detail.php?code=2100&height=500&width=600,rhb,Home Appliances,Panasonic 500ml Personal Blender with Twin Tumbler,,,70200.0,"Fast Track:
35100 pts + RM71",
347,https://www.rhbgroup.com/cards/benefits/rewards/catalogue/detail.php?code=2102&height=500&width=600,rhb,Home Appliances,Pensonic Hand Blender,,,81200.0,"Fast Track:
40600 pts + RM82",
348,https://www.rhbgroup.com/cards/benefits/rewards/catalogue/detail.php?code=2104&height=500&width=600,rhb,Home Appliances,Khind Mini Chopper,,,40700.0,"Fast Track:
20350 pts + RM41",
349,https://www.rhbgroup.com/cards/benefits/rewards/catalogue/detail.php?code=2106&height=500&width=600,rhb,Home Appliances,Butterfly Food Chopper,,,58700.0,"Fast Track:
29350 pts + RM59",
350,https://www.rhbgroup.com/cards/benefits/rewards/catalogue/detail.php?code=2108&height=500&width=600,rhb,Home Appliances,Breville The Coffee & Spice Grinder,,,129200.0,"Fast Track:
64600 pts + RM130",
351,https://www.rhbgroup.com/cards/benefits/rewards/catalogue/detail.php?code=2110&height=500&width=600,rhb,Home Appliances,Cornell Stand Mixer,,,81800.0,"Fast Track:
40900 pts + RM82",
352,https://www.rhbgroup.com/cards/benefits/rewards/catalogue/detail.php?code=2112&height=500&width=600,rhb,Home Appliances,Philips Daily CollectionMixer,,,58700.0,"Fast Track:
29350 pts + RM59",
353,https://www.rhbgroup.com/cards/benefits/rewards/catalogue/detail.php?code=2114&height=500&width=600,rhb,Home Appliances,Electrolux Steam Iron,,,66700.0,"Fast Track:
33350 pts + RM67",
354,https://www.rhbgroup.com/cards/benefits/rewards/catalogue/detail.php?code=2116&height=500&width=600,rhb,Home Appliances,Elba Garment Steam Iron,,,120400.0,"Fast Track:
60200 pts + RM121",
355,https://www.rhbgroup.com/cards/benefits/rewards/catalogue/detail.php?code=2118&height=500&width=600,rhb,Home Appliances,Tefal Dry Iron Easygliss Durilium Soleplate,,,38700.0,"Fast Track:
19350 pts + RM39",
356,https://www.rhbgroup.com/cards/benefits/rewards/catalogue/detail.php?code=2120&height=500&width=600,rhb,Home Appliances,Panasonic Steam Iron,,,50700.0,"Fast Track:
25350 pts + RM51",
357,https://www.rhbgroup.com/cards/benefits/rewards/catalogue/detail.php?code=2122&height=500&width=600,rhb,Home Appliances,Panasonic Non-Humidifying nano Air Purifier,,,248400.0,"Fast Track:
124200 pts + RM249",
358,https://www.rhbgroup.com/cards/benefits/rewards/catalogue/detail.php?code=2124&height=500&width=600,rhb,Home Appliances,Philips Bagless Vacuum Cleaner,,,136900.0,"Fast Track:
68450 pts + RM137",
359,https://www.rhbgroup.com/cards/benefits/rewards/catalogue/detail.php?code=2126&height=500&width=600,rhb,Home Appliances,Panasonic Bagged Canister Vacuum Cleaner,,,173100.0,"Fast Track:
86550 pts + RM174",
360,https://www.rhbgroup.com/cards/benefits/rewards/catalogue/detail.php?code=2128&height=500&width=600,rhb,Home Appliances,Khind Vacuum Cleaner,,,190200.0,"Fast Track:
95100 pts + RM191",
361,https://www.rhbgroup.com/cards/benefits/rewards/catalogue/detail.php?code=2130&height=500&width=600,rhb,Home Appliances,Morphy Richard 9 in 1 Steam Cleaner,,,207400.0,"Fast Track:
103700 pts + RM208",
362,https://www.rhbgroup.com/cards/benefits/rewards/catalogue/detail.php?code=2132&height=500&width=600,rhb,Home Appliances,Panasonic BAYU 5-Blade Ceiling Fan,,,189600.0,"Fast Track:
94800 pts + RM190",
363,https://www.rhbgroup.com/cards/benefits/rewards/catalogue/detail.php?code=2134&height=500&width=600,rhb,Home Appliances,Cornell 16 Stand Fan,,,61400.0,"Fast Track:
30700 pts + RM62",
364,https://www.rhbgroup.com/cards/benefits/rewards/catalogue/detail.php?code=2136&height=500&width=600,rhb,Home Appliances,Elba 18 Stand Fan,,,99100.0,"Fast Track:
49550 pts + RM100",
365,https://www.rhbgroup.com/cards/benefits/rewards/catalogue/detail.php?code=2138&height=500&width=600,rhb,Home Appliances,Samsung Top Load Washer with Magic Filter - 7kg ,,,400200.0,"Fast Track:
200100 pts + RM401",
366,https://www.rhbgroup.com/cards/benefits/rewards/catalogue/detail.php?code=2140&height=500&width=600,rhb,Home Appliances,Elba Air Cooler,,,178600.0,"Fast Track:
89300 pts + RM179",
367,https://www.rhbgroup.com/cards/benefits/rewards/catalogue/detail.php?code=2142&height=500&width=600,rhb,Home Appliances,Panasonic Jet Pump N Series Home Shower (Water Heater),,,304200.0,"Fast Track:
152100 pts + RM305",
368,https://www.rhbgroup.com/cards/benefits/rewards/catalogue/detail.php?code=2144&height=500&width=600,rhb,Home Appliances,Pensonic Noodle Maker,,,209400.0,"Fast Track:
104700 pts + RM210",
369,https://www.rhbgroup.com/cards/benefits/rewards/catalogue/detail.php?code=2146&height=500&width=600,rhb,Home Appliances,Philips Series 800 Air Purifier,,,261700.0,"Fast Track:
130850 pts + RM262",
370,https://www.rhbgroup.com/cards/benefits/rewards/catalogue/detail.php?code=2212&height=500&width=600,rhb,Home DIY / Comfort,Karcher High Pressure Cleaner,,,204500.0,,
371,https://www.rhbgroup.com/cards/benefits/rewards/catalogue/detail.php?code=2214&height=500&width=600,rhb,Home DIY / Comfort,Karcher Wet & Dry Vacuum Cleaner,,,147400.0,,
372,https://www.rhbgroup.com/cards/benefits/rewards/catalogue/detail.php?code=2216&height=500&width=600,rhb,Home DIY / Comfort,Black & Decker 10.8v Cordless Drill Driver,,,161400.0,,
373,https://www.rhbgroup.com/cards/benefits/rewards/catalogue/detail.php?code=2218&height=500&width=600,rhb,Home DIY / Comfort,Samsung PowerStick Essential with Extreme Suction Power,,,382100.0,,
374,https://www.rhbgroup.com/cards/benefits/rewards/catalogue/detail.php?code=2220&height=500&width=600,rhb,Home DIY / Comfort,Black & Decker 10.8v Cordless Dustbuster,,,104200.0,,
375,https://www.rhbgroup.com/cards/benefits/rewards/catalogue/detail.php?code=2222&height=500&width=600,rhb,Home DIY / Comfort,Corvan Cordless UV Dust Mite Vacuum,,,348200.0,,
376,https://www.rhbgroup.com/cards/benefits/rewards/catalogue/detail.php?code=2224&height=500&width=600,rhb,Home DIY / Comfort,Black & Decker Steam Mop,,,137800.0,,
377,https://www.rhbgroup.com/cards/benefits/rewards/catalogue/detail.php?code=2226&height=500&width=600,rhb,Home DIY / Comfort,Dyson V8 Fluffy,,,878100.0,,
378,https://www.rhbgroup.com/cards/benefits/rewards/catalogue/detail.php?code=2228&height=500&width=600,rhb,Home DIY / Comfort,Khind Robotic Vaccum Cleaner,,,250300.0,,
379,https://www.rhbgroup.com/cards/benefits/rewards/catalogue/detail.php?code=2230&height=500&width=600,rhb,Home DIY / Comfort,Samsung POWERbot Vacuum Cleaner with CycloneForce,,,870900.0,,
380,https://www.rhbgroup.com/cards/benefits/rewards/catalogue/detail.php?code=2232&height=500&width=600,rhb,Home DIY / Comfort,Sokano DIY 12-Cubes Shoes Rack,,,86200.0,,
381,https://www.rhbgroup.com/cards/benefits/rewards/catalogue/detail.php?code=2234&height=500&width=600,rhb,Home DIY / Comfort,Sokano 4-Tier Kitchen Organizer Basket Steel Rack with Wheels,,,58900.0,,
382,https://www.rhbgroup.com/cards/benefits/rewards/catalogue/detail.php?code=2236&height=500&width=600,rhb,Home DIY / Comfort,Elianware Ultra Strong Wall Hook Suction Tower Rack,,,23100.0,,
383,https://www.rhbgroup.com/cards/benefits/rewards/catalogue/detail.php?code=2238&height=500&width=600,rhb,Home DIY / Comfort,Elianware Ultra Strong Wall Hook Suction Double Shelf,,,18100.0,,
384,https://www.rhbgroup.com/cards/benefits/rewards/catalogue/detail.php?code=2240&height=500&width=600,rhb,Home DIY / Comfort,MyHome Retractable Rack (Wall-Mounted),,,82900.0,,
385,https://www.rhbgroup.com/cards/benefits/rewards/catalogue/detail.php?code=2242&height=500&width=600,rhb,Home DIY / Comfort,MyHome 3 Tier Drying Rack,,,34700.0,,
386,https://www.rhbgroup.com/cards/benefits/rewards/catalogue/detail.php?code=2244&height=500&width=600,rhb,Home DIY / Comfort,Sokano SF005 XL Size Foldable Sofa Futon,,,75400.0,,
387,https://www.rhbgroup.com/cards/benefits/rewards/catalogue/detail.php?code=2246&height=500&width=600,rhb,Home DIY / Comfort,Kodak 20 LED Lantern 125,,,32100.0,,
388,https://www.rhbgroup.com/cards/benefits/rewards/catalogue/detail.php?code=2248&height=500&width=600,rhb,Home DIY / Comfort,Beta Cordless UV Vacuum Cleaner,,,158200.0,,
389,https://www.rhbgroup.com/cards/benefits/rewards/catalogue/detail.php?code=2250&height=500&width=600,rhb,Home DIY / Comfort,Cavius Travel Alarm,,,110600.0,,
390,https://www.rhbgroup.com/cards/benefits/rewards/catalogue/detail.php?code=2472&height=500&width=600,rhb,Kid's Treat,Robotime DIY Dollhouse Kit- School Days with LED light,,,104200.0,,
391,https://www.rhbgroup.com/cards/benefits/rewards/catalogue/detail.php?code=2474&height=500&width=600,rhb,Kid's Treat,Lala Baby Day in Park Activity Playmat,,,25800.0,,
392,https://www.rhbgroup.com/cards/benefits/rewards/catalogue/detail.php?code=2476&height=500&width=600,rhb,Kid's Treat,"Faber-Castell Classic Colour Pencils, 36L (Slim Flexi Case) + Table Top Sharpener Bear",,,30600.0,,
393,https://www.rhbgroup.com/cards/benefits/rewards/catalogue/detail.php?code=2478&height=500&width=600,rhb,Kid's Treat,Eplas Baby Silicone Feeding Bowl,,,21800.0,,
394,https://www.rhbgroup.com/cards/benefits/rewards/catalogue/detail.php?code=2480&height=500&width=600,rhb,Kid's Treat,Eplas 480ml + 580ml BPA Free Kid's Bottle With Straw,,,25600.0,,
395,https://www.rhbgroup.com/cards/benefits/rewards/catalogue/detail.php?code=2482&height=500&width=600,rhb,Kid's Treat,Philips Avent 3-in-1 Electric Steam Sterilizer,,,129700.0,,
396,https://www.rhbgroup.com/cards/benefits/rewards/catalogue/detail.php?code=2484&height=500&width=600,rhb,Kid's Treat,Philips Avent Newborn Starter Set,,,68100.0,,
397,https://www.rhbgroup.com/cards/benefits/rewards/catalogue/detail.php?code=2486&height=500&width=600,rhb,Kid's Treat,Philips Avent Essential Baby Food Maker,,,216700.0,,
398,https://www.rhbgroup.com/cards/benefits/rewards/catalogue/detail.php?code=2488&height=500&width=600,rhb,Kid's Treat,"Lerun Emily V2, 16A, R",,,164400.0,,
399,https://www.rhbgroup.com/cards/benefits/rewards/catalogue/detail.php?code=2490&height=500&width=600,rhb,Kid's Treat,Barry Smith School Bag with Trolley,,,80200.0,,
400,https://www.rhbgroup.com/cards/benefits/rewards/catalogue/detail.php?code=2492&height=500&width=600,rhb,Kid's Treat,Avengers 16 Trolley Bag,,,74200.0,,
401,https://www.rhbgroup.com/cards/benefits/rewards/catalogue/detail.php?code=2494&height=500&width=600,rhb,Kid's Treat,Nella Core 16 Backpack,,,63200.0,,
402,https://www.rhbgroup.com/cards/benefits/rewards/catalogue/detail.php?code=2496&height=500&width=600,rhb,Kid's Treat,Faber-Castell Art & Graphic ColorPencils,,,124600.0,,
403,https://www.rhbgroup.com/cards/benefits/rewards/catalogue/detail.php?code=2498&height=500&width=600,rhb,Kid's Treat,Faber-Castell My Exam Set with Starter Kit Watercolours,,,33700.0,,
404,https://www.rhbgroup.com/cards/benefits/rewards/catalogue/detail.php?code=2148&height=500&width=600,rhb,Kitchen Appliances,Zebra Stock Pot with Steaming Plate 28 x 26cm,,,109800.0,,
405,https://www.rhbgroup.com/cards/benefits/rewards/catalogue/detail.php?code=2150&height=500&width=600,rhb,Kitchen Appliances,Color King 3.2L Stock Pot,,,72800.0,,
406,https://www.rhbgroup.com/cards/benefits/rewards/catalogue/detail.php?code=2152&height=500&width=600,rhb,Kitchen Appliances,Color King 2.6L Rice Cooker,,,138400.0,,
407,https://www.rhbgroup.com/cards/benefits/rewards/catalogue/detail.php?code=2154&height=500&width=600,rhb,Kitchen Appliances,Color King 6L Sauce Pot,,,158900.0,,
408,https://www.rhbgroup.com/cards/benefits/rewards/catalogue/detail.php?code=2156&height=500&width=600,rhb,Kitchen Appliances,La gourmet Shogun Kyoto 28cm Casserole with Lid,,,140200.0,,
409,https://www.rhbgroup.com/cards/benefits/rewards/catalogue/detail.php?code=2158&height=500&width=600,rhb,Kitchen Appliances,Thermos 24cm Essential 3 pcs Casserole Set with lid,,,121900.0,,
410,https://www.rhbgroup.com/cards/benefits/rewards/catalogue/detail.php?code=2160&height=500&width=600,rhb,Kitchen Appliances,Premier Stainless Steel Comfort Pressure Cooker with Induction Bottom,,,93700.0,,
411,https://www.rhbgroup.com/cards/benefits/rewards/catalogue/detail.php?code=2162&height=500&width=600,rhb,Kitchen Appliances,Thermos 32cm Dolphin Single Handle Wok,,,256900.0,,
412,https://www.rhbgroup.com/cards/benefits/rewards/catalogue/detail.php?code=2164&height=500&width=600,rhb,Kitchen Appliances,Zebra 30cm 3pcs Steaming Set 'Cheffy,,,175800.0,,
413,https://www.rhbgroup.com/cards/benefits/rewards/catalogue/detail.php?code=2166&height=500&width=600,rhb,Kitchen Appliances,Premier 26cm Non Stick Astral Kadai,,,48700.0,,
414,https://www.rhbgroup.com/cards/benefits/rewards/catalogue/detail.php?code=2168&height=500&width=600,rhb,Kitchen Appliances,Greenpan Cambridge 28CM Covered Wok,,,133700.0,,
415,https://www.rhbgroup.com/cards/benefits/rewards/catalogue/detail.php?code=2170&height=500&width=600,rhb,Kitchen Appliances,Premier 28cm Concave Tawe,,,27600.0,,
416,https://www.rhbgroup.com/cards/benefits/rewards/catalogue/detail.php?code=2172&height=500&width=600,rhb,Kitchen Appliances,La Gourmet Shogun Senjo Marble Deep 24cm Frypan with Induction,,,48600.0,,
417,https://www.rhbgroup.com/cards/benefits/rewards/catalogue/detail.php?code=2174&height=500&width=600,rhb,Kitchen Appliances,Premier 24cm Frypan + Spatula,,,24600.0,,
418,https://www.rhbgroup.com/cards/benefits/rewards/catalogue/detail.php?code=2176&height=500&width=600,rhb,Kitchen Appliances,Premier Server Food Warmer,,,42700.0,,
419,https://www.rhbgroup.com/cards/benefits/rewards/catalogue/detail.php?code=2178&height=500&width=600,rhb,Kitchen Appliances,Oasis Swiss 3.5 L Thermal Cooking Pot,,,148700.0,,
420,https://www.rhbgroup.com/cards/benefits/rewards/catalogue/detail.php?code=2180&height=500&width=600,rhb,Kitchen Appliances,La gourmet 750ml Thermal Cooker Pot,,,35100.0,,
421,https://www.rhbgroup.com/cards/benefits/rewards/catalogue/detail.php?code=2182&height=500&width=600,rhb,Kitchen Appliances,Eplas 1L + 800ml Bottle Set,,,26100.0,,
422,https://www.rhbgroup.com/cards/benefits/rewards/catalogue/detail.php?code=2184&height=500&width=600,rhb,Kitchen Appliances,Thermos 600ml Trendy & Light Weight Flask,,,65100.0,,
423,https://www.rhbgroup.com/cards/benefits/rewards/catalogue/detail.php?code=2186&height=500&width=600,rhb,Kitchen Appliances,Thermos 400ml Disney Straw Bottle w/Pouch,,,55100.0,,
424,https://www.rhbgroup.com/cards/benefits/rewards/catalogue/detail.php?code=2188&height=500&width=600,rhb,Kitchen Appliances,Thermos 400ml B Duck Food Jar,,,52100.0,,
425,https://www.rhbgroup.com/cards/benefits/rewards/catalogue/detail.php?code=2190&height=500&width=600,rhb,Kitchen Appliances,La gourmet PAC2GO 1L Owl Lunch Box,,,34100.0,,
426,https://www.rhbgroup.com/cards/benefits/rewards/catalogue/detail.php?code=2192&height=500&width=600,rhb,Kitchen Appliances,Thermos 600ml Trendy Lunch Tote c/w Bag,,,71100.0,,
427,https://www.rhbgroup.com/cards/benefits/rewards/catalogue/detail.php?code=2194&height=500&width=600,rhb,Kitchen Appliances,Lock & Lock RoundLunch Box,,,44700.0,,
428,https://www.rhbgroup.com/cards/benefits/rewards/catalogue/detail.php?code=2196&height=500&width=600,rhb,Kitchen Appliances,Elianware Glass Container,,,51900.0,,
429,https://www.rhbgroup.com/cards/benefits/rewards/catalogue/detail.php?code=2198&height=500&width=600,rhb,Kitchen Appliances,Elianware Air Tight Food Keeper Set 4 pcs,,,24800.0,,
430,https://www.rhbgroup.com/cards/benefits/rewards/catalogue/detail.php?code=2200&height=500&width=600,rhb,Kitchen Appliances,Color King Set of 3 Ceramic Baking Tray,,,40700.0,,
431,https://www.rhbgroup.com/cards/benefits/rewards/catalogue/detail.php?code=2202&height=500&width=600,rhb,Kitchen Appliances,Eplas 600ml BPA Free Bottle + Brush Set,,,22700.0,,
432,https://www.rhbgroup.com/cards/benefits/rewards/catalogue/detail.php?code=2204&height=500&width=600,rhb,Kitchen Appliances,Sokano 10 in 1 Vegetables Grater Portable Slicers Set,,,21100.0,,
433,https://www.rhbgroup.com/cards/benefits/rewards/catalogue/detail.php?code=2206&height=500&width=600,rhb,Kitchen Appliances,Elianware Fridge Organizer Wide Drawer with Egg Holder,,,33700.0,,
434,https://www.rhbgroup.com/cards/benefits/rewards/catalogue/detail.php?code=2208&height=500&width=600,rhb,Kitchen Appliances,Elianware Bakerline Party Tray,,,21800.0,,
435,https://www.rhbgroup.com/cards/benefits/rewards/catalogue/detail.php?code=2210&height=500&width=600,rhb,Kitchen Appliances,Elianware 1L Water Jug + Cup With Cup Holder,,,40400.0,,
436,https://www.rhbgroup.com/cards/benefits/rewards/catalogue/detail.php?code=2368&height=500&width=600,rhb,Lifestyle,Swarovski Cosmic Rock Bangle Watch,,,684000.0,,
437,https://www.rhbgroup.com/cards/benefits/rewards/catalogue/detail.php?code=2370&height=500&width=600,rhb,Lifestyle,Swarovski Crystalline Hours Watch,,,721500.0,,
438,https://www.rhbgroup.com/cards/benefits/rewards/catalogue/detail.php?code=2372&height=500&width=600,rhb,Lifestyle,Casio G-Shock Watch,,,267100.0,,
439,https://www.rhbgroup.com/cards/benefits/rewards/catalogue/detail.php?code=2374&height=500&width=600,rhb,Lifestyle,Casio Unisex Watch,,,113100.0,,
440,https://www.rhbgroup.com/cards/benefits/rewards/catalogue/detail.php?code=2376&height=500&width=600,rhb,Lifestyle,Noerden Life 2 Nato,,,134100.0,,
441,https://www.rhbgroup.com/cards/benefits/rewards/catalogue/detail.php?code=2378&height=500&width=600,rhb,Lifestyle,Noerden Life 2,,,127100.0,,
442,https://www.rhbgroup.com/cards/benefits/rewards/catalogue/detail.php?code=2380&height=500&width=600,rhb,Lifestyle,Coleman GO! C25 Hooded Sleeping Bag Green,,,94100.0,,
443,https://www.rhbgroup.com/cards/benefits/rewards/catalogue/detail.php?code=2382&height=500&width=600,rhb,Lifestyle,Coleman Tent 2p Go! Dome Adventure,,,138700.0,,
444,https://www.rhbgroup.com/cards/benefits/rewards/catalogue/detail.php?code=2384&height=500&width=600,rhb,Lifestyle,Coleman 1/2 Gallon /1.9L POLYLITEA Jug (Red),,,35600.0,,
445,https://www.rhbgroup.com/cards/benefits/rewards/catalogue/detail.php?code=2386&height=500&width=600,rhb,Lifestyle,Coleman Cooler 5QT Take 6,,,71600.0,,
446,https://www.rhbgroup.com/cards/benefits/rewards/catalogue/detail.php?code=2388&height=500&width=600,rhb,Lifestyle,Coleman Soft Cooler Daily 20L Asia,,,94100.0,,
447,https://www.rhbgroup.com/cards/benefits/rewards/catalogue/detail.php?code=2390&height=500&width=600,rhb,Lifestyle,Coleman Soft Cooler Polygonal - 16 Cans,,,89600.0,,
448,https://www.rhbgroup.com/cards/benefits/rewards/catalogue/detail.php?code=2392&height=500&width=600,rhb,Lifestyle,3-4 person Camping Tent,,,73700.0,,
449,https://www.rhbgroup.com/cards/benefits/rewards/catalogue/detail.php?code=2394&height=500&width=600,rhb,Lifestyle,Swarovski Vintage Set,,,324600.0,,
450,https://www.rhbgroup.com/cards/benefits/rewards/catalogue/detail.php?code=2396&height=500&width=600,rhb,Lifestyle,"Swarovski Further Pendant, S",,,224600.0,,
451,https://www.rhbgroup.com/cards/benefits/rewards/catalogue/detail.php?code=2398&height=500&width=600,rhb,Lifestyle,"Swarovski Emily Bracelet, M",,,204600.0,,
452,https://www.rhbgroup.com/cards/benefits/rewards/catalogue/detail.php?code=2400&height=500&width=600,rhb,Lifestyle,Swarovski Attract Stud Pierced Earrings,,,116100.0,,
453,https://www.rhbgroup.com/cards/benefits/rewards/catalogue/detail.php?code=2402&height=500&width=600,rhb,Lifestyle,Swarovski Crystalline Stardust Ballpoint Pen,,,64100.0,,
454,https://www.rhbgroup.com/cards/benefits/rewards/catalogue/detail.php?code=2404&height=500&width=600,rhb,Lifestyle,Lerun Bonus V2 Bicycle,,,262600.0,,
455,https://www.rhbgroup.com/cards/benefits/rewards/catalogue/detail.php?code=2406&height=500&width=600,rhb,Lifestyle,Xiaomi Mi Electronic Scooter,,,867100.0,,
456,https://www.rhbgroup.com/cards/benefits/rewards/catalogue/detail.php?code=2316&height=500&width=600,rhb,Tech Gadgets,Canon Pixma Ink 3-in-1 Inkjet Borderless Colour Printer,,,170600.0,,
457,https://www.rhbgroup.com/cards/benefits/rewards/catalogue/detail.php?code=2318&height=500&width=600,rhb,Tech Gadgets,Canon Mini Photo Printer iNSPiC PV-123A,,,237900.0,,
458,https://www.rhbgroup.com/cards/benefits/rewards/catalogue/detail.php?code=2320&height=500&width=600,rhb,Tech Gadgets,Xiaomi Mi Home Security Camera,,,81000.0,,
459,https://www.rhbgroup.com/cards/benefits/rewards/catalogue/detail.php?code=2322&height=500&width=600,rhb,Tech Gadgets,Sony Playstation 4 Pro,,,891300.0,,
460,https://www.rhbgroup.com/cards/benefits/rewards/catalogue/detail.php?code=2324&height=500&width=600,rhb,Tech Gadgets,Sony Portable Bluetooth Speaker,,,89100.0,,
461,https://www.rhbgroup.com/cards/benefits/rewards/catalogue/detail.php?code=2326&height=500&width=600,rhb,Tech Gadgets,Altec Lansing Bluetooth Speaker - One (Blue),,,60600.0,,
462,https://www.rhbgroup.com/cards/benefits/rewards/catalogue/detail.php?code=2328&height=500&width=600,rhb,Tech Gadgets,Xiaomi Mi Dash Cam,,,117100.0,,
463,https://www.rhbgroup.com/cards/benefits/rewards/catalogue/detail.php?code=2330&height=500&width=600,rhb,Tech Gadgets,Blaupunkt Driving Video Recorder & Action Cam BP5.0 + 16gb (Android only),,,161600.0,,
464,https://www.rhbgroup.com/cards/benefits/rewards/catalogue/detail.php?code=2332&height=500&width=600,rhb,Tech Gadgets,Blaupunkt Earphone Sport Talk,,,52100.0,,
465,https://www.rhbgroup.com/cards/benefits/rewards/catalogue/detail.php?code=2334&height=500&width=600,rhb,Tech Gadgets,Blaupunkt Comfort 112 Wireless,,,124600.0,,
466,https://www.rhbgroup.com/cards/benefits/rewards/catalogue/detail.php?code=2336&height=500&width=600,rhb,Tech Gadgets,JVC Wireless NC Headphones,,,173600.0,,
467,https://www.rhbgroup.com/cards/benefits/rewards/catalogue/detail.php?code=2338&height=500&width=600,rhb,Tech Gadgets,Sennheiser’s CX 100 Black Earphones,,,80600.0,,
468,https://www.rhbgroup.com/cards/benefits/rewards/catalogue/detail.php?code=2340&height=500&width=600,rhb,Tech Gadgets,Motorola Bluetooth Earphone HK115,,,55100.0,,
469,https://www.rhbgroup.com/cards/benefits/rewards/catalogue/detail.php?code=2342&height=500&width=600,rhb,Tech Gadgets,Xiaomi Mi Wireless Charging Pad,,,32100.0,,
470,https://www.rhbgroup.com/cards/benefits/rewards/catalogue/detail.php?code=2344&height=500&width=600,rhb,Tech Gadgets,"Xiaomi Mi 10,000mAh Power Bank Pro",,,59600.0,,
471,https://www.rhbgroup.com/cards/benefits/rewards/catalogue/detail.php?code=2346&height=500&width=600,rhb,Tech Gadgets,"Pineng 20,000mAh Powerbank",,,40600.0,,
472,https://www.rhbgroup.com/cards/benefits/rewards/catalogue/detail.php?code=2348&height=500&width=600,rhb,Tech Gadgets,Transcend StoreJet 2.5 Portable Hard Drive (2TB),,,170600.0,,
473,https://www.rhbgroup.com/cards/benefits/rewards/catalogue/detail.php?code=2350&height=500&width=600,rhb,Tech Gadgets,Toshiba Canvio Alumy 2.5 Portable Hard Disk,,,116600.0,,
474,https://www.rhbgroup.com/cards/benefits/rewards/catalogue/detail.php?code=2352&height=500&width=600,rhb,Tech Gadgets,Sandisk Ultra Dual Drive USB Type C -128 GB,,,51100.0,,
475,https://www.rhbgroup.com/cards/benefits/rewards/catalogue/detail.php?code=2354&height=500&width=600,rhb,Tech Gadgets,Kodak Home Monitor - F685,,,204100.0,,
476,https://www.rhbgroup.com/cards/benefits/rewards/catalogue/detail.php?code=2356&height=500&width=600,rhb,Tech Gadgets,Xiaomi Mi Car Charger Pro,,,29100.0,,
477,https://www.rhbgroup.com/cards/benefits/rewards/catalogue/detail.php?code=2358&height=500&width=600,rhb,Tech Gadgets,LDNIO Power Socket,,,32100.0,,
478,https://www.rhbgroup.com/cards/benefits/rewards/catalogue/detail.php?code=2360&height=500&width=600,rhb,Tech Gadgets,Promate Universal Travel Adaptor,,,40100.0,,
479,https://www.rhbgroup.com/cards/benefits/rewards/catalogue/detail.php?code=2362&height=500&width=600,rhb,Tech Gadgets,Smartworld Travel Adapter - SW200,,,21100.0,,
480,https://www.rhbgroup.com/cards/benefits/rewards/catalogue/detail.php?code=2364&height=500&width=600,rhb,Tech Gadgets,Cavius Smoke Alarm,,,84600.0,,
481,https://www.rhbgroup.com/cards/benefits/rewards/catalogue/detail.php?code=2366&height=500&width=600,rhb,Tech Gadgets,Sony Radio Alarm Clock,,,56600.0,,
482,https://www.rhbgroup.com/cards/benefits/rewards/catalogue/detail.php?code=2408&height=500&width=600,rhb,Travel & Leisure,Hypergear Dry Pac Aero 25L,,,97600.0,,
483,https://www.rhbgroup.com/cards/benefits/rewards/catalogue/detail.php?code=2410&height=500&width=600,rhb,Travel & Leisure,Altec Lansing Outdoor Waterproof Dry Bag 10L,,,30100.0,,
484,https://www.rhbgroup.com/cards/benefits/rewards/catalogue/detail.php?code=2412&height=500&width=600,rhb,Travel & Leisure,Hummer 18cm Waist Bag,,,41600.0,,
485,https://www.rhbgroup.com/cards/benefits/rewards/catalogue/detail.php?code=2414&height=500&width=600,rhb,Travel & Leisure,RCB Polo 26.5cm Sling Bag,,,62100.0,,
486,https://www.rhbgroup.com/cards/benefits/rewards/catalogue/detail.php?code=2416&height=500&width=600,rhb,Travel & Leisure,Case Logic Query Backpack,,,98100.0,,
487,https://www.rhbgroup.com/cards/benefits/rewards/catalogue/detail.php?code=2418&height=500&width=600,rhb,Travel & Leisure,Boomwave 3 Way Carry Convertible Series Business 15 Laptop Bag,,,52100.0,,
488,https://www.rhbgroup.com/cards/benefits/rewards/catalogue/detail.php?code=2420&height=500&width=600,rhb,Travel & Leisure,Boomwave Laptop Backpack,,,44100.0,,
489,https://www.rhbgroup.com/cards/benefits/rewards/catalogue/detail.php?code=2422&height=500&width=600,rhb,Travel & Leisure,Promate 15.6 Portable Laptop Trolley Bag,,,95800.0,,
490,https://www.rhbgroup.com/cards/benefits/rewards/catalogue/detail.php?code=2424&height=500&width=600,rhb,Travel & Leisure,Boomwave Vertical Laptop Sleeve Design,,,29600.0,,
491,https://www.rhbgroup.com/cards/benefits/rewards/catalogue/detail.php?code=2426&height=500&width=600,rhb,Travel & Leisure,Batman 20 Luggage With 8 Wheels / TSA/Expandable,,,115800.0,,
492,https://www.rhbgroup.com/cards/benefits/rewards/catalogue/detail.php?code=2428&height=500&width=600,rhb,Travel & Leisure,Hummer Camouflage 24 Soft Luggage,,,160300.0,,
493,https://www.rhbgroup.com/cards/benefits/rewards/catalogue/detail.php?code=2430&height=500&width=600,rhb,Travel & Leisure,Camel Active 24 Luggage,,,170300.0,,
494,https://www.rhbgroup.com/cards/benefits/rewards/catalogue/detail.php?code=2432&height=500&width=600,rhb,Travel & Leisure,Maui & Sons 28 100% PC Spinner,,,189900.0,,
495,https://www.rhbgroup.com/cards/benefits/rewards/catalogue/detail.php?code=2434&height=500&width=600,rhb,Travel & Leisure,Arnold Palmer 28 8 Wheeler Mini Carrier with Anti-Theft Zipper,,,197400.0,,
496,https://www.rhbgroup.com/cards/benefits/rewards/catalogue/detail.php?code=2436&height=500&width=600,rhb,Travel & Leisure,Samsonite 72H DLX Spinner 71cm/26,,,343200.0,,
497,https://www.rhbgroup.com/cards/benefits/rewards/catalogue/detail.php?code=2438&height=500&width=600,rhb,Travel & Leisure,American Tourister Curio Spinner 69cm/25,,,230900.0,,
498,https://www.rhbgroup.com/cards/benefits/rewards/catalogue/detail.php?code=2440&height=500&width=600,rhb,Travel & Leisure,Hummer 20 + 24 2 in 1 Skycab,,,206400.0,,
499,https://www.rhbgroup.com/cards/benefits/rewards/catalogue/detail.php?code=2442&height=500&width=600,rhb,Travel & Leisure,Sokano Free Knight 50L outdoor hiking backpack,,,33600.0,,
500,https://www.rhbgroup.com/cards/benefits/rewards/catalogue/detail.php?code=2444&height=500&width=600,rhb,Travel & Leisure,Gardini Foldable Backpack,,,21600.0,,
501,https://www.rhbgroup.com/cards/benefits/rewards/catalogue/detail.php?code=2446&height=500&width=600,rhb,Travel & Leisure,Kenvelo Anti-Theft RFID Blocking Travel Neck Pouch,,,24100.0,,
502,https://www.rhbgroup.com/cards/benefits/rewards/catalogue/detail.php?code=2448&height=500&width=600,rhb,Travel & Leisure,Kenvelo Travel Pillow,,,23100.0,,
503,https://www.rhbgroup.com/cards/benefits/rewards/catalogue/detail.php?code=2450&height=500&width=600,rhb,Travel & Leisure,Kenvelo Portable Luggage Scale,,,25300.0,,
504,https://www.rhbgroup.com/cards/benefits/rewards/catalogue/detail.php?code=2452&height=500&width=600,rhb,Travel & Leisure,Sokano 6 in 1 Cube Travel Organizer Bags,,,14300.0,,
505,https://www.rhbgroup.com/cards/benefits/rewards/catalogue/detail.php?code=2454&height=500&width=600,rhb,Travel & Leisure,Travel Star Elastic Travel Luggage Cover 3pc/set + FOC Passport Holder,,,51700.0,,
506,https://www.rhbgroup.com/cards/benefits/rewards/catalogue/detail.php?code=2456&height=500&width=600,rhb,Travel & Leisure,Sokano 66L Multifunction Foldable Storage Bag,,,16200.0,,
507,https://www.rhbgroup.com/cards/benefits/rewards/catalogue/detail.php?code=2458&height=500&width=600,rhb,Travel & Leisure,Austin Reed TSA Luggage Belt,,,25100.0,,
508,https://www.rhbgroup.com/cards/benefits/rewards/catalogue/detail.php?code=2460&height=500&width=600,rhb,Travel & Leisure,Austin Reed TSA Pad Lock Wire,,,15100.0,,
509,https://www.rhbgroup.com/cards/benefits/rewards/catalogue/detail.php?code=2462&height=500&width=600,rhb,Travel & Leisure,Sokano Vacuum Compress Storage Bag + Pump Set,,,24300.0,,
510,https://www.rhbgroup.com/cards/benefits/rewards/catalogue/detail.php?code=2464&height=500&width=600,rhb,Travel & Leisure,We Bare Bears Petite Pouch with,,,19600.0,,
511,https://www.rhbgroup.com/cards/benefits/rewards/catalogue/detail.php?code=2466&height=500&width=600,rhb,Travel & Leisure,Case Logic 15-16 Laptop Attache,,,74100.0,,
512,https://www.rhbgroup.com/cards/benefits/rewards/catalogue/detail.php?code=2468&height=500&width=600,rhb,Travel & Leisure,Samsonite Lipault Lady Plume Tote Bag M FL,,,134600.0,,
513,https://www.rhbgroup.com/cards/benefits/rewards/catalogue/detail.php?code=2470&height=500&width=600,rhb,Travel & Leisure,TN Inflatable Travel Pillow,,,25600.0,,
514,https://www.rhbgroup.com/cards/benefits/rewards/catalogue/detail.php?code=9840&height=500&width=600,rhb,Charity Body,Donation to Aman Palestine,,,5000.0,,
